,cl [cm],lcl [cm],fw [cm],species,longitude,is_gravid,rcl [cm],stage,sex,id,cw [cm],latitude,associated_species,depth [m],behaviour
0,17,7.067929548329864,3,A. Farensis,-8.01873,True,6.0819734837884,pre_puberty,female,1,21.030102175369922,37.02606,"['Crab (Other Species)', 'Barnacle', 'Sea Urchin', 'Mussel']",9,Hiding in sandy burrow.
1,16,5.093833067119832,2,u. olhanen.,,False,12.687556721514328,pre_puberty,male,2,20.469064063758825,,"['Sea Urchin', 'Sea Anemone']",9,Shaking claws after contact.
2,20,4.673687359404468,3,A. Farensis,,True,5.356107108472508,sub_adult,male,3,21.87111567613726,,"['Crab (Other Species)', 'Jellyfish', 'Polychaete Worm', 'Sea Anemone']",8,Searching for mates at twilight.
3,31,5.313699531845211,3,U. olhanensis,,False,0.31643168609611455,juvenile,male,4,22.353903872939362,,"['Crab (Other Species)', 'Algae', 'Polychaete Worm', 'Sea Anemone', 'Mussel']",9,Defensive posture when approached.
4,8,7.371643624177049,4,u. olhanen.,,False,8.2798002659611,juvenile,N/R,5,16.226014613636963,,['Sea Anemone'],8,Crab moving quickly across rocks.
5,6,7.800495777775486,5,A farensis,,True,76.61650677580124,pre_puberty,male or female,6,16.024455085032702,,['Snail'],8,Waving claws rhythmically.
6,12,5.175126342266666,3,A farensis,,False,11.10899572175555,pre_puberty,female,7,18.473028059965433,,"['Hermit Crab', 'Snail', 'Sea Urchin', 'Coral Fragment']",10,Retreating into burrow.
7,24,7.047939435608554,5,U. olhanensis,,True,3.4804111947055585,juvenile,female,8,20.837982585301752,,"['Coral Fragment', 'Crab (Other Species)']",8,Feeding on small mollusks.
8,13,8.558940108741641,2,U. olhanensis,,False,7.582578647497221,pre_puberty,male,9,17.11751034340405,,"['Polychaete Worm', 'Small Fish', 'Snail', 'Mussel', 'Crab (Other Species)']",9,Scavenging near tidal pools.
9,18,6.31869668453691,2,A farensis,,True,1.691012118111863,sub_adult,male,10,20.123435203399737,,"['Snail', 'Algae', 'Jellyfish']",10,Displaying dominance by lifting body.
10,22,5.040138921740847,10,A. Farensis,,False,0.8020422503965284,sub_adult,male,11,20.396181338074427,,"['Jellyfish', 'Shrimp', 'Crab (Other Species)']",8,Resting in shaded rock crevice.
11,10,7.134762469417008,2,u. olhanen.,,False,0.7785897574112908,juvenile,female,12,18.595186966519968,,['Mussel'],7,Interacting with small fish nearby.
12,16,2.3776514552308887,3,U. olhanensis,,False,1.850738886449667,adult, ,13,18.83429808621314,,"['Hermit Crab', 'Algae', 'Snail', 'Crab (Other Species)', 'Sea Urchin']",7,Using claws to dig into sediment.
13,14,4.82541574195944,4,u. olhanen.,,False,1.086371201492846,pre_puberty,male,14,19.56464265219784,,"['Sea Urchin', 'Snail']",6,Sitting still blending with environment.
14,6,7.933332268099704,5,A. Farensis,,False,2.583848007912591,pre_puberty,male,15,16.898713986568964,,['Jellyfish'],13,Dragging shell fragment backward.
15,13,7.552812232004573,3,U. olhanensis,,False,0.8169943814978108,pre_puberty, ,16,20.014295491557192,,['Shrimp'],7,Hiding beneath rocks.
16,23,7.8204655383643065,5,A. Farensis,,False,4.206388773798687,pre_puberty,male,17,19.205949959766407,,"['Sea Urchin', 'Algae']",9,Feeding on small mollusks.
17,19,7.2392694569800815,7,A. Farensis,,False,20.20879025308751,adult,male,18,22.418085832157715,,"['Mussel', 'Sea Sponge', 'Shrimp']",9,Moving toward warmer water pockets.
18,33,5.181298850957583,3,A farensis,,False,1.059700323548262,pre_puberty,male,19,23.014570217192844,,"['Algae', 'Shrimp', 'Sea Urchin', 'Sea Sponge']",9,Inspecting discarded crab shell.
19,38,5.875986825138603,3,u. olhanen.,,False,2.477963075083549,pre_puberty,female,20,24.044999948722428,,['Polychaete Worm'],5,Climbing submerged rocks.
20,29,6.911043695796378,5,A. Farensis,,False,66.13766814534449,adult,female,21,21.06592930239491,,"['Snail', 'Algae', 'Sea Star', 'Coral Fragment', 'Shrimp']",7,Searching for food in tidal pools.
21,16,4.856465790930709,3,U. olhanensis,,False,1.3337049065145632,pre_puberty,male,22,19.431351339091847,,"['Coral Fragment', 'Algae', 'Jellyfish']",6,Feeding on detritus in shallow water.
22,18,5.477850157387455,4,u. olhanen.,,False,0.6140418220327034,pre_puberty,N/R,23,19.411834381990207,,"['Hermit Crab', 'Sea Urchin']",13,Moving toward warmer water pockets.
23,26,7.288492506534514,7,u. olhanen.,,False,2.7667442693710558,adult,nan,24,21.190597893032674,,"['Polychaete Worm', 'Small Fish', 'Crab (Other Species)']",10,Social contact with other crabs.
24,19,6.9239867593827364,2,U. olhanensis,,False,25.412726135681748,pre_puberty,female,25,21.733862922994145,,"['Hermit Crab', 'Barnacle', 'Mussel']",5,Vibrating antennae in water currents.
25,35,5.171292967627568,4,u. olhanen.,,False,2.68216708254563,juvenile, ,26,22.852823041960708,,"['Sea Sponge', 'Shrimp', 'Barnacle', 'Crab (Other Species)', 'Coral Fragment']",9,Rapid crossing of open sand.
26,7,4.026522623796626,3,u. olhanen.,,False,13.559619700595182,juvenile,female,27,17.993489295907995,,"['Crab (Other Species)', 'Barnacle', 'Algae', 'Hermit Crab']",7,Claw snapping at diver.
27,8,7.252272699560917,2,A. Farensis,,False,0.44759038274631646,adult,male,28,20.30319693779815,,"['Algae', 'Crab (Other Species)', 'Jellyfish', 'Sea Anemone', 'Sea Urchin']",11,Moving in groups.
28,21,5.36872239210536,2,U. olhanensis,,False,1.1004501404944838,pre_puberty,female,29,22.007747940424306,,"['Hermit Crab', 'Jellyfish', 'Sea Anemone', 'Sea Sponge']",6,Defensive posture when approached.
29,11,6.823862361259876,4,u. olhanen.,,False,2.3447206505311398,juvenile, ,30,18.870026298495112,,['Polychaete Worm'],8,Searching for mates at twilight.
30,18,4.831220525933941,2,A. Farensis,,False,0.8648803684184887,adult,male,31,21.222622704035587,,"['Coral Fragment', 'Snail']",8,Waving claws rhythmically.
31,17,5.856117999944505,5,A. Farensis,,False,0.8554730249517841,sub_adult,female,32,19.65642473395741,,"['Crab (Other Species)', 'Snail']",5,Climbing seaweed stalks.
32,18,4.720689926705196,5,A. Farensis,,False,3.0043510654238244,juvenile,?,33,16.716331136807845,,"['Sea Star', 'Sea Urchin']",9,Exchanging antenna taps.
33,13,7.732678992019782,3,A farensis,,True,5.490171595617442,juvenile,male,34,17.791784426581913,,['Small Fish'],8,Claw snapping in competition.
34,9,5.117360233211049,3,A. Farensis,,False,34.928536152404476,juvenile,male,35,18.51421062987193,,"['Sea Star', 'Crab (Other Species)', 'Mussel', 'Sea Anemone']",9,Claw snapping in competition.
35,30,8.616261970728313,2,u. olhanen.,,False,10.733723687043662,sub_adult,male,36,22.197977867697453,,"['Jellyfish', 'Algae', 'Sea Anemone', 'Sea Sponge', 'Polychaete Worm']",9,Claw snapping in competition.
36,14,6.789202547536478,2,A. Farensis,,False,0.35576292762919187,adult,male,37,18.664615035417764,,"['Polychaete Worm', 'Sea Urchin', 'Crab (Other Species)', 'Sea Sponge']",11,Sideways walking along bay edge.
37,24,4.216623117444396,4,u. olhanen.,,True,3.4999959099555595,adult, ,38,19.963448021830164,,"['Polychaete Worm', 'Coral Fragment', 'Barnacle', 'Sea Anemone', 'Algae']",10,Social contact with other crabs.
38,20,6.664422308236913,2,A. Farensis,,True,2.1507262856872784,adult,female,39,20.385302721188783,,"['Polychaete Worm', 'Barnacle']",9,Scavenging near tidal pools.
39,20,7.506692716715208,2,u. olhanen.,,False,3.626747171318617,sub_adult,male,40,18.20048488020201,,"['Hermit Crab', 'Snail', 'Shrimp', 'Algae', 'Jellyfish']",8,Mating behavior with antenna touching.
40,10,5.37439052340146,3,A. Farensis,,False,12.446702521554487,sub_adult,female,41,17.775734248907142,,"['Shrimp', 'Sea Star', 'Jellyfish', 'Crab (Other Species)', 'Barnacle']",3,Hiding under floating debris.
41,24,5.620856310812545,4,A farensis,,False,14.924045798906453,sub_adult,male,42,18.97206254731849,,"['Coral Fragment', 'Sea Urchin']",9,Climbing submerged rocks.
42,21,5.893776601733672,4,U. olhanensis,,False,1.6275640224842565,pre_puberty,male,43,20.840864804884802,,"['Sea Anemone', 'Barnacle', 'Sea Urchin']",13,Resting in shaded rock crevice.
43,30,7.716631578566423,5,U. olhanensis,,False,1.0308835314332354,adult,male or female,44,22.624953299321373,,"['Sea Anemone', 'Polychaete Worm', 'Sea Urchin']",8,Burrowing into sandy sediment.
44,10,4.803365498463581,8,U. olhanensis,,True,1.6930340543522062,adult,female,45,16.372467568648993,,"['Snail', 'Sea Sponge', 'Crab (Other Species)', 'Jellyfish', 'Sea Anemone']",8,Social contact with other crabs.
45,33,6.467602025302098,2,U. olhanensis,,False,3.462182248970531,sub_adult,?,46,23.248237740858933,,"['Barnacle', 'Sea Sponge', 'Snail']",9,Swimming short distance to escape.
46,12,9.297950532506926,9,u. olhanen.,,True,10.105561909354412,pre_puberty,nan,47,18.707317254405325,,"['Sea Star', 'Sea Anemone', 'Mussel', 'Small Fish']",8,Moving sideways along sandy bottom.
47,9,5.8013728507056115,3,A farensis,,False,21.524282047163357,pre_puberty,male,48,16.044283482980305,,"['Small Fish', 'Sea Urchin', 'Sea Sponge', 'Shrimp']",6,Climbing barnacle-covered surfaces.
48,30,5.614453928933927,2,A. Farensis,,False,23.898739270624265,pre_puberty,male,49,21.34176481004753,,"['Sea Star', 'Sea Urchin', 'Sea Anemone', 'Hermit Crab']",8,Waving claws rhythmically.
49,13,6.863508358246548,7,A. Farensis,,False,10.790971661776048,sub_adult,female,50,20.83065576609422,,['Coral Fragment'],7,Escaping predator silhouette overhead.
50,23,6.662218131126345,6,A. Farensis,,False,2.7675014513192453,adult,male,51,20.692433007745393,,['Jellyfish'],11,Interaction with hermit crabs.
51,25,6.858816870386298,2,A. Farensis,,False,4.291029595512481,sub_adult,N/R,52,21.333662030408515,,['Sea Urchin'],5,Displaying dominance by lifting body.
52,37,6.717473185557112,7,A farensis,,False,3.32229056559736,sub_adult,male,53,24.357003981724084,,"['Polychaete Worm', 'Shrimp', 'Sea Sponge', 'Snail']",10,Guarding a small hole in sediment.
53,15,6.277385553420255,5,U. olhanensis,,True,2.1588422436452404,sub_adult,male,54,20.232974474023372,,['Sea Star'],10,Territorial display against intruder.
54,24,4.001277734851365,4,U. olhanensis,,True,6.303176229143643,sub_adult, ,55,20.31203612864839,,['Algae'],6,Scavenging near tidal pools.
55,44,7.096356229329383,6,A farensis,,True,1.3783434678584072,pre_puberty,male,56,23.203920662197287,,"['Small Fish', 'Sea Sponge']",7,Burrowing into sandy sediment.
56,18,6.447211016268218,12,A. Farensis,,False,5.302664921095207,adult, ,57,21.656058504768676,,"['Mussel', 'Barnacle', 'Coral Fragment', 'Algae']",7,Claw snapping in competition.
57,23,4.652278426942438,2,A farensis,,False,6.36908083245064,pre_puberty,male,58,21.35224643718363,,['Crab (Other Species)'],10,Half buried in sand.
58,29,3.2337841438703365,6,u. olhanen.,,False,0.5619201027586506,pre_puberty,female,59,22.70294435985252,,"['Sea Sponge', 'Polychaete Worm']",9,Picking algae from rock surface.
59,46,6.6103728727754545,4,u. olhanen.,,False,2.4801505300419007,sub_adult,female,60,24.97612015679352,,['Shrimp'],7,Feeding on algae scraped from rocks.
60,10,6.8433567399057385,6,u. olhanen.,,True,0.9061296919186945,pre_puberty,female,61,17.69105754380363,,['Sea Sponge'],7,Climbing algae-covered rocks.
61,28,6.900163110024864,2,u. olhanen.,,False,22.643078493693167,pre_puberty,female,62,20.73867436102038,,"['Mussel', 'Sea Star', 'Small Fish', 'Algae']",6,Emerging cautiously from hiding.
62,18,5.676068366551323,5,U. olhanensis,,False,20.10306010434353,adult,male,63,17.839944969128542,,['Small Fish'],10,Pausing frequently during exploration.
63,14,6.588751631621425,4,u. olhanen.,,False,2.315602178929222,juvenile, ,64,19.125599286683208,,"['Snail', 'Hermit Crab', 'Mussel', 'Barnacle']",10,Emerging cautiously from hiding.
64,13,5.177451387737129,3,A farensis,,False,11.9575963997112,adult,male,65,21.592053682436713,,"['Sea Sponge', 'Algae', 'Polychaete Worm']",9,Feeding on algae scraped from rocks.
65,30,4.902957745037343,5,A. Farensis,,False,3.3137172111161917,adult,male,66,21.67916448271441,,"['Sea Anemone', 'Coral Fragment', 'Sea Sponge']",7,Climbing seaweed stalks.
66,26,3.336100615228133,3,A. Farensis,,False,1.9017508160008776,adult,female,67,19.928275204167363,,"['Jellyfish', 'Algae', 'Sea Urchin']",8,Climbing seaweed stalks.
67,9,6.584891799193396,5,U. olhanensis,,True,18.826138113758276,adult,?,68,18.931991606226315,,"['Sea Urchin', 'Shrimp']",5,Retreating quickly from shadow.
68,17,5.585004843318013,4,A. Farensis,,False,0.7213446615854047,sub_adult, ,69,18.582403970111404,,"['Snail', 'Shrimp', 'Sea Urchin', 'Sea Anemone']",7,Rapid claw movement while feeding.
69,39,5.482795677471605,3,u. olhanen.,,False,40.509810687845686,pre_puberty, ,70,22.165485576413566,,['Hermit Crab'],9,Camouflaging with surrounding mud.
70,16,6.502252798184,2,A. Farensis,,True,0.16722975451377875,sub_adult,male,71,19.3870060947699,,"['Shrimp', 'Sea Star', 'Algae']",7,Escaping predator silhouette overhead.
71,20,3.5893159667708208,6,U. olhanensis,,False,1.185980323290887,juvenile,male,72,21.43802511561229,,"['Crab (Other Species)', 'Sea Anemone', 'Jellyfish', 'Algae', 'Shrimp']",7,Escaping predator silhouette overhead.
72,10,6.4562873147889865,6,A farensis,,False,0.9771696580667781,pre_puberty,nan,73,18.967335041488752,,['Snail'],11,Picking detritus from seabed.
73,14,6.684268874445076,2,A. Farensis,,False,0.6136368318027173,pre_puberty,male,74,19.645161362229302,,"['Algae', 'Snail', 'Mussel']",9,Swimming short distance to escape.
74,16,7.796905540653329,4,U. olhanensis,,False,4.377271794821053,sub_adult,male,75,16.994882765652182,,"['Snail', 'Algae']",9,Climbing barnacle-covered surfaces.
75,18,5.7202785243180445,2,A farensis,,False,5.716751268522942,sub_adult,male,76,20.392371892513065,,"['Polychaete Worm', 'Crab (Other Species)']",9,Camouflaging with surrounding mud.
76,63,6.218217965592464,8,U. olhanensis,,True,1.5450647808123839,juvenile,female,77,29.253271234981263,,"['Algae', 'Sea Star', 'Shrimp', 'Coral Fragment']",7,Hiding under seagrass blades.
77,16,8.413893651763287,5,U. olhanensis,,False,13.695036366526395,adult, ,78,20.202275244013876,,"['Hermit Crab', 'Small Fish']",3,Climbing submerged rocks.
78,25,6.88046499446898,2,U. olhanensis,,True,12.716111659214853,sub_adult,male,79,23.553310664243206,,"['Sea Urchin', 'Coral Fragment', 'Sea Star', 'Sea Sponge', 'Barnacle']",9,Moving toward bait.
79,12,5.053480909117226,2,A. Farensis,,False,0.8005665402255704,sub_adult,female,80,19.529661854140187,,"['Small Fish', 'Sea Star', 'Snail', 'Algae']",4,Moving in groups.
80,33,4.21907395555256,4,A. Farensis,,False,0.2684142859193303,juvenile, ,81,22.456151477465202,,['Sea Anemone'],10,Camouflaging with surrounding mud.
81,8,4.369693038334216,4,u. olhanen.,,False,0.41526054060793505,pre_puberty,male or female,82,17.007555004367106,,['Sea Anemone'],8,Picking algae from rock surface.
82,17,5.57775859804064,7,u. olhanen.,,False,3.7597155898035957,sub_adult,male,83,18.771765408202324,,"['Small Fish', 'Algae']",13,Moving sideways along sandy bottom.
83,13,5.219957104310646,4,A. Farensis,,False,16.96689818506646,adult,male,84,19.045000632891718,,"['Coral Fragment', 'Sea Star']",7,Vibrating antennae in water currents.
84,18,4.424940583432587,6,u. olhanen.,,False,3.0548118225559175,adult,nan,85,19.041624214350808,,"['Sea Anemone', 'Algae']",8,Rapid claw movement while feeding.
85,40,6.601038887510959,2,A farensis,,False,4.895221589259246,pre_puberty,male,86,24.640946651614772,,['Sea Sponge'],7,Hiding under floating debris.
86,23,4.1004643566099315,6,u. olhanen.,,False,6.727493638405575,pre_puberty,male,87,18.505283140747117,,['Sea Sponge'],7,Retreating quickly from shadow.
87,8,5.848770502233416,5,A farensis,,False,4.3742361219606885,sub_adult,?,88,17.36982396565321,,['Small Fish'],10,Picking biofilm on submerged wood.
88,16,6.636771733779813,3,A farensis,,False,13.592804369577848,adult,male,89,19.655552389371536,,"['Shrimp', 'Sea Star', 'Sea Urchin']",6,Swimming short distance to escape.
89,9,6.72908516245358,4,U. olhanensis,,False,5.750303431718029,juvenile,male,90,18.537985249972518,,"['Hermit Crab', 'Barnacle', 'Coral Fragment', 'Snail']",9,Sitting still blending with environment.
90,13,5.92607067137289,2,U. olhanensis,,False,2.432110754930008,pre_puberty,male,91,18.57642847427692,,"['Polychaete Worm', 'Small Fish']",8,Interacting with small fish nearby.
91,15,7.1765739079771915,3,A farensis,,False,0.850884002136025,sub_adult,nan,92,19.277500067301936,,"['Snail', 'Sea Star']",9,Half buried in sand.
92,25,6.306834234038458,3,A. Farensis,,False,76.14267347929626,sub_adult, ,93,21.142141080652248,,"['Hermit Crab', 'Small Fish', 'Jellyfish', 'Sea Sponge']",6,Moving toward bait.
93,14,6.25959186516269,5,A. Farensis,,True,0.5425304049169732,juvenile,male,94,16.042400008410276,,"['Mussel', 'Snail']",8,Searching for mates at twilight.
94,24,9.652593848200999,2,A farensis,,False,0.9046276532239265,sub_adult,?,95,21.06808834364728,,"['Hermit Crab', 'Algae']",6,Rapid claw movement while feeding.
95,6,3.7433373151808853,6,U. olhanensis,,False,8.849650056304922,sub_adult, ,96,17.351431643531036,,['Sea Urchin'],5,Half buried in sand.
96,7,6.631249060696439,5,A. Farensis,,False,0.8714194221514425,juvenile,?,97,17.049091225434548,,"['Snail', 'Shrimp', 'Hermit Crab', 'Sea Star']",7,Feeding on small crustaceans.
97,26,5.602530262895593,2,U. olhanensis,,True,0.2875930116261683,juvenile,?,98,21.60788047922612,,['Mussel'],10,Sitting still blending with environment.
98,19,6.0813517322590895,5,u. olhanen.,,False,5.7746385250565195,pre_puberty,male,99,19.748707691783782,,"['Barnacle', 'Snail', 'Crab (Other Species)', 'Coral Fragment']",11,Sideways walking along bay edge.
99,27,5.047534574444973,4,A. Farensis,,False,0.28621071369318407,pre_puberty,female,100,22.141453328913162,,['Snail'],7,Feeding on detritus in shallow water.
100,21,6.19885472800444,7,A farensis,,False,0.5104453598309497,pre_puberty,male,101,20.15063604220644,,"['Small Fish', 'Sea Star', 'Hermit Crab', 'Jellyfish']",7,Shaking claws after contact.
101,17,4.154360765571939,3,A. Farensis,,False,7.586115902401551,sub_adult,male,102,17.75601506180302,,"['Jellyfish', 'Hermit Crab']",6,Exchanging antenna taps.
102,21,5.219380567863111,3,A farensis,,True,6.37114356916053,juvenile,male,103,21.078520241442465,,"['Sea Star', 'Small Fish', 'Algae', 'Barnacle']",10,Moving toward bait.
103,17,4.231213026895654,5,A. Farensis,,True,2.521257151872777,pre_puberty,female,104,19.33250507321635,,"['Crab (Other Species)', 'Sea Star', 'Jellyfish', 'Sea Sponge', 'Polychaete Worm']",6,Hiding under seagrass blades.
104,12,7.191674062703171,4,U. olhanensis,,False,1.4229157296043236,juvenile,male,105,18.090110546434193,,"['Polychaete Worm', 'Algae', 'Shrimp', 'Sea Sponge']",7,Displaying dominance by lifting body.
105,18,6.772100078739091,2,U. olhanensis,,False,0.8897374235399801,adult,female,106,18.737340998970673,,"['Snail', 'Sea Sponge', 'Algae']",7,Inspecting discarded crab shell.
106,42,6.328931902479464,4,U. olhanensis,,False,7.336974385060268,juvenile,male or female,107,24.643643855710085,,"['Crab (Other Species)', 'Hermit Crab', 'Algae']",9,Sideways walking along bay edge.
107,8,5.56816123729765,4,u. olhanen.,,True,12.491995900463445,adult,male,108,16.97861275188939,,"['Coral Fragment', 'Sea Sponge']",10,Social contact with other crabs.
108,13,6.878832582392697,2,A farensis,,False,11.013061105935254,adult,male or female,109,18.535063637386227,,"['Snail', 'Hermit Crab', 'Sea Sponge']",8,Hiding under floating debris.
109,15,4.602430915742174,3,U. olhanensis,,False,0.7433621034549558,pre_puberty,male,110,19.645666544001017,,"['Crab (Other Species)', 'Sea Star']",10,Claw snapping at diver.
110,36,2.498276411194424,4,u. olhanen.,,False,0.6280301308672912,adult,male or female,111,21.779615398071524,,"['Small Fish', 'Barnacle', 'Crab (Other Species)', 'Sea Urchin', 'Sea Sponge']",6,Inspecting discarded crab shell.
111,9,5.61203647393992,2,u. olhanen.,,True,11.86893088453567,sub_adult,female,112,18.688406697474754,,"['Sea Sponge', 'Jellyfish', 'Hermit Crab', 'Mussel', 'Polychaete Worm']",9,Claw waving directed at nearby crab.
112,22,6.6211461896051444,2,A. Farensis,,True,8.173629709159167,sub_adult,male,113,17.362868455010652,,"['Algae', 'Polychaete Worm', 'Sea Anemone', 'Jellyfish', 'Sea Star']",9,Scavenging near tidal pools.
113,45,7.875306775910916,3,A. Farensis,,False,1.2456066740950553,adult,female,114,25.75637375512787,,"['Sea Anemone', 'Snail', 'Jellyfish', 'Shrimp']",8,Mating behavior with antenna touching.
114,20,6.288646541034606,3,u. olhanen.,,False,0.9154197715452999,juvenile,female,115,19.566923295290987,,"['Shrimp', 'Crab (Other Species)', 'Mussel', 'Barnacle']",6,Hiding in sandy burrow.
115,23,6.014934703269069,4,A. Farensis,,False,1.253126953011536,sub_adult,male,116,18.43486288044049,,"['Hermit Crab', 'Crab (Other Species)']",9,Rapid claw movement while feeding.
116,6,5.04154264861396,6,A farensis,,False,0.49901546123352747,pre_puberty,male,117,17.8006367593539,,"['Crab (Other Species)', 'Shrimp']",9,Feeding on small mollusks.
117,19,6.966498568789972,7,A farensis,,False,2.125619698380318,juvenile, ,118,19.411553548818816,,"['Crab (Other Species)', 'Algae']",7,Pausing frequently during exploration.
118,23,6.621471910150079,4,A. Farensis,,True,3.0867576450102523,pre_puberty,male,119,22.246300336535388,,"['Hermit Crab', 'Coral Fragment', 'Mussel', 'Sea Sponge', 'Small Fish']",12,Guarding a small hole in sediment.
119,11,5.020187144442213,10,U. olhanensis,,False,1.263909386867265,adult,female,120,19.525683117306773,,['Shrimp'],10,Escaping from aggressive fish.
120,24,7.180517614117517,5,u. olhanen.,,False,2.8831773370977647,pre_puberty, ,121,20.684456856150764,,"['Hermit Crab', 'Crab (Other Species)', 'Jellyfish', 'Snail', 'Polychaete Worm']",9,Rapid claw movement while feeding.
121,6,7.237559926322581,5,A. Farensis,,False,3.260065026626839,pre_puberty,male,122,16.800374088028082,,['Coral Fragment'],5,Claw snapping in competition.
122,14,6.163366661025799,6,U. olhanensis,,False,8.144491580333714,pre_puberty,male,123,18.41256639451019,,['Algae'],6,Retreating into burrow.
123,24,5.03370161940096,6,U. olhanensis,,False,0.5560588587570183,pre_puberty,female,124,19.33335509942717,,"['Sea Anemone', 'Jellyfish', 'Crab (Other Species)']",6,Climbing algae-covered rocks.
124,19,3.5296607128180515,2,A. Farensis,,True,0.6034878669116528,pre_puberty,male,125,19.32318539252736,,['Sea Sponge'],10,Sitting still blending with environment.
125,34,5.616343709682221,2,A farensis,,True,6.243477617397619,juvenile,male,126,23.35443306856961,,['Snail'],11,Cleaning claws with rubbing motion.
126,6,6.107083415926618,4,A farensis,,False,1.8533016324627396,pre_puberty,male,127,17.929567897398325,,"['Snail', 'Hermit Crab']",9,Mating behavior with antenna touching.
127,27,5.676131145941108,2,U. olhanensis,,False,0.2095954846547175,adult,female,128,20.817053029359858,,"['Hermit Crab', 'Crab (Other Species)', 'Coral Fragment']",12,Inspecting discarded crab shell.
128,28,5.827570678432607,5,A farensis,,True,8.752355084827538,adult,male,129,22.72720281710687,,"['Barnacle', 'Small Fish', 'Mussel']",6,Defensive posture when approached.
129,16,4.2340347232142586,4,A. Farensis,,False,27.5975040543368,juvenile,male,130,20.719140412239042,,"['Algae', 'Snail', 'Jellyfish', 'Small Fish', 'Barnacle']",13,Feeding on algae scraped from rocks.
130,17,4.8776735471456885,6,U. olhanensis,,False,0.40986827747370314,adult,male,131,19.95422212045159,,"['Algae', 'Polychaete Worm', 'Mussel', 'Snail']",8,Social contact with other crabs.
131,10,6.8863795056928225,7,A farensis,,False,0.8676282020416471,pre_puberty,male,132,19.236532353281493,,"['Small Fish', 'Snail', 'Barnacle']",6,Searching for mates at twilight.
132,19,6.397257588698133,5,A. Farensis,,False,6.588956027954251,adult,male,133,19.633505226972982,,"['Small Fish', 'Crab (Other Species)', 'Mussel']",6,Climbing submerged rocks.
133,34,7.393434309516428,5,U. olhanensis,,False,15.944421249862323,pre_puberty,male,134,22.827905898125913,,"['Sea Urchin', 'Sea Anemone', 'Jellyfish']",12,Sideways walking along bay edge.
134,23,4.269387088268445,2,u. olhanen.,,True,24.57257816732299,pre_puberty,female,135,20.416447736995575,,"['Small Fish', 'Snail', 'Barnacle']",12,Burrowing into sandy sediment.
135,28,7.325643409567072,5,U. olhanensis,,True,4.480588595195041,juvenile,male,136,21.512986738152627,,['Snail'],4,Escaping predator silhouette overhead.
136,40,6.952291305085681,4,A. Farensis,,False,2.2905792341328173,adult,male or female,137,23.497230130673724,,"['Sea Star', 'Coral Fragment', 'Sea Sponge', 'Small Fish']",7,Claw snapping in competition.
137,9,6.6605918485803475,4,A farensis,,False,4.89217399776894,adult,female,138,16.79126734844734,,"['Jellyfish', 'Sea Sponge', 'Sea Star']",8,Claw snapping at diver.
138,13,5.551234686752235,4,u. olhanen.,,False,5.340589238659323,juvenile,male or female,139,17.924642210559966,,"['Jellyfish', 'Coral Fragment', 'Sea Star', 'Snail', 'Mussel']",11,Moving toward warmer water pockets.
139,25,5.886449401241518,4,A. Farensis,,True,24.06231373779071,juvenile,male,140,19.74691667069796,,"['Mussel', 'Algae', 'Sea Anemone']",6,Searching for food in tidal pools.
140,25,6.4204686281654135,3,A. Farensis,,False,4.568760408969763,adult,female,141,24.098142259498747,,"['Polychaete Worm', 'Small Fish', 'Barnacle', 'Hermit Crab', 'Mussel']",5,Moving toward bait.
141,10,8.334923844522088,4,U. olhanensis,,False,7.1138129802163785,pre_puberty,male or female,142,16.99863177580525,,['Polychaete Worm'],7,Guarding a small hole in sediment.
142,36,5.808704567927571,5,A. Farensis,,True,0.2704183083141509,juvenile,female,143,22.58737641824852,,"['Small Fish', 'Snail', 'Polychaete Worm']",11,Exchanging antenna taps.
143,27,5.960696050834891,3,A. Farensis,,False,1.7289368022562983,juvenile,male,144,20.336400336821427,,"['Crab (Other Species)', 'Algae']",7,Sideways walking along bay edge.
144,23,7.328115252382084,3,A. Farensis,,False,1.7544952399773317,adult, ,145,20.943434565867747,,"['Shrimp', 'Hermit Crab', 'Sea Sponge']",11,Shaking claws after contact.
145,22,6.715063707235265,4,A. Farensis,,False,0.2418098086922562,adult,male,146,19.72927966474333,,"['Sea Star', 'Coral Fragment', 'Mussel', 'Sea Sponge']",8,Cleaning claws with rubbing motion.
146,26,5.438090498586861,2,U. olhanensis,,False,0.9228959892849533,pre_puberty,male,147,20.832318356553216,,"['Algae', 'Snail', 'Hermit Crab', 'Shrimp', 'Coral Fragment']",10,Claw snapping in competition.
147,22,7.120980951833006,7,A farensis,,True,2.2999138026291184,juvenile,male,148,22.807176472885715,,['Polychaete Worm'],8,Swimming short distance to escape.
148,6,4.917819864343873,3,U. olhanensis,,False,1.349639254128021,adult,male,149,18.64206665194036,,"['Hermit Crab', 'Shrimp']",11,Waving claws rhythmically.
149,43,6.599762386724655,2,U. olhanensis,,False,5.787364871547983,juvenile,male,150,22.37418873847824,,"['Algae', 'Sea Urchin', 'Sea Star']",9,Stillness in cold water.
150,15,3.5625077016620867,7,u. olhanen.,,False,1.674321701717827,juvenile,male,151,17.988035683596138,,"['Barnacle', 'Shrimp', 'Sea Urchin']",8,Retreating quickly from shadow.
151,18,8.313823782920723,3,U. olhanensis,,True,2.6945484121303225,juvenile,female,152,18.90099103648075,,"['Small Fish', 'Sea Anemone', 'Barnacle']",12,Moving toward bait.
152,23,3.259810780614987,4,U. olhanensis,,True,2.6493783750987494,sub_adult,male,153,19.299331671577107,,"['Small Fish', 'Barnacle']",9,Hiding under seagrass blades.
153,29,3.573957698737576,4,U. olhanensis,,True,4.52693510797893,sub_adult, ,154,22.776911827293283,,"['Sea Anemone', 'Jellyfish', 'Small Fish', 'Sea Urchin']",7,Retreating quickly from shadow.
154,19,4.680308662532742,6,U. olhanensis,,False,0.7482059143068621,adult,male,155,20.17551762093059,,['Small Fish'],8,Picking algae from rock surface.
155,12,6.9669239306961455,4,A. Farensis,,False,1.6193351711635502,sub_adult,male,156,18.194274441766833,,['Algae'],11,Burrowing into sandy sediment.
156,55,9.457458417080872,7,A. Farensis,,False,13.029140778955558,juvenile,female,157,27.212808202192555,,"['Algae', 'Sea Anemone', 'Hermit Crab', 'Jellyfish', 'Polychaete Worm']",8,Interaction with hermit crabs.
157,9,6.686509132099762,5,A farensis,,False,2.690008735066033,sub_adult,nan,158,18.26569253674321,,"['Sea Anemone', 'Small Fish', 'Coral Fragment', 'Sea Urchin']",9,Crab moving quickly across rocks.
158,15,2.9887678535159226,3,U. olhanensis,,False,0.6186685104376466,juvenile,male,159,19.71727213479124,,"['Sea Star', 'Barnacle', 'Small Fish', 'Polychaete Worm', 'Snail']",11,Feeding on detritus in shallow water.
159,21,5.944580267661031,4,u. olhanen.,,True,6.310333925783426,sub_adult,male,160,18.721360300010296,,"['Crab (Other Species)', 'Algae']",8,Claw snapping at diver.
160,11,8.445729696683221,6,U. olhanensis,,False,2.568130213086563,pre_puberty,male,161,18.728142984949958,,"['Sea Sponge', 'Jellyfish', 'Sea Urchin']",7,Displaying dominance by lifting body.
161,14,3.824784889932747,2,A farensis,,False,3.7354411404673193,pre_puberty,nan,162,19.001869936653915,,"['Mussel', 'Hermit Crab', 'Sea Star', 'Sea Sponge']",6,Emerging cautiously from hiding.
162,16,7.239389267421208,2,A farensis,,True,23.801809942696217,pre_puberty, ,163,19.506831479953235,,"['Algae', 'Coral Fragment']",6,Picking algae from rock surface.
163,10,5.048254713000308,4,A. Farensis,,False,3.9607903305558874,pre_puberty,male,164,19.189424436927183,,"['Coral Fragment', 'Shrimp', 'Snail', 'Sea Anemone']",8,Cleaning claws with rubbing motion.
164,22,5.985525554310017,4,U. olhanensis,,False,13.19914814067131,adult,female,165,20.132492614735867,,"['Sea Star', 'Hermit Crab', 'Algae', 'Snail']",7,Dragging shell fragment backward.
165,19,3.5586954105875677,9,u. olhanen.,,False,6.308776095212735,juvenile,female,166,20.91202874159769,,"['Shrimp', 'Algae']",10,Inspecting discarded crab shell.
166,20,8.275173750037169,4,A. Farensis,,True,0.85967023893541,juvenile,male or female,167,19.774492234668084,,"['Sea Anemone', 'Barnacle', 'Hermit Crab', 'Sea Star']",7,Climbing submerged rocks.
167,16,5.298769380427545,6,A farensis,,False,4.386399161909617,adult,female,168,18.05533945847752,,"['Snail', 'Polychaete Worm', 'Crab (Other Species)']",8,Hiding under seagrass blades.
168,24,5.895371981505881,5,U. olhanensis,,False,17.515636192555593,pre_puberty,male,169,21.332555195369537,,"['Polychaete Worm', 'Hermit Crab']",5,Escaping predator silhouette overhead.
169,21,3.2641331083258844,2,u. olhanen.,,False,2.508581796389919,pre_puberty,female,170,20.235744271769654,,"['Mussel', 'Coral Fragment', 'Jellyfish', 'Shrimp']",7,Exchanging antenna taps.
170,16,6.540316112954606,6,U. olhanensis,,False,0.6986391981685212,juvenile,male or female,171,17.991560345856158,,"['Coral Fragment', 'Algae', 'Polychaete Worm', 'Crab (Other Species)']",8,Climbing barnacle-covered surfaces.
171,21,6.0003460771045125,2,U. olhanensis,,False,1.1490648722189907,adult,?,172,19.118553231550187,,['Snail'],10,Searching for mates at twilight.
172,23,5.700578974739136,7,A farensis,,False,1.909867343685781,juvenile,male,173,20.380855834390527,,['Jellyfish'],3,Moving toward bait.
173,23,5.4732355621495055,3,A. Farensis,,False,1.160615210470192,juvenile,male,174,19.810608898324013,,['Sea Sponge'],11,Shaking claws after contact.
174,18,6.506338477437088,2,A. Farensis,,False,9.486556262523619,adult,male,175,18.995698266542757,,['Sea Anemone'],6,Inspecting discarded crab shell.
175,27,7.24097492172199,3,U. olhanensis,,False,6.731981695013331,pre_puberty,male,176,21.619288077347505,,"['Jellyfish', 'Sea Sponge']",10,Crab moving quickly across rocks.
176,22,6.619285434727205,4,u. olhanen.,,True,1.3884351466345506,pre_puberty,female,177,20.685798824294153,,"['Jellyfish', 'Sea Urchin']",10,Claw waving directed at nearby crab.
177,27,6.863063479741363,2,U. olhanensis,,False,8.079001850265193,pre_puberty,female,178,21.25047513247747,,"['Sea Anemone', 'Sea Sponge', 'Algae', 'Polychaete Worm']",8,Vibrating antennae in water currents.
178,47,5.218197381499941,9,A. Farensis,,False,23.767333600989424,sub_adult,male,179,23.535370857624542,,['Shrimp'],8,Climbing onto submerged logs.
179,7,5.792837965439539,3,u. olhanen.,,False,3.2702645875164724,sub_adult,male,180,17.99365726023507,,['Jellyfish'],10,Resting in shaded rock crevice.
180,36,5.759173911110419,3,A. Farensis,,False,15.492028329428747,pre_puberty,male,181,22.133478186170304,,['Mussel'],7,Inspecting discarded crab shell.
181,9,5.406482086058907,4,U. olhanensis,,False,2.3211605961060724,juvenile,male,182,18.2311363583687,,"['Algae', 'Sea Anemone', 'Sea Sponge', 'Coral Fragment']",12,Hiding under seagrass blades.
182,18,5.189050711279722,6,u. olhanen.,,False,0.4885389408195157,sub_adult,nan,183,17.366640763015955,,"['Barnacle', 'Shrimp']",10,Moving in groups.
183,10,5.684426043660355,5,A. Farensis,,False,4.479699516691138,juvenile,nan,184,17.69621834960979,,['Shrimp'],9,Hiding under seagrass blades.
184,12,4.437231082922206,7,A farensis,,False,7.837801413711394,adult,male,185,18.98832118137173,,"['Sea Sponge', 'Jellyfish', 'Sea Urchin', 'Sea Anemone']",8,Struggling with entangled seaweed.
185,20,5.940354008707216,4,U. olhanensis,,False,3.503984636283714,pre_puberty,?,186,21.559726679684843,,"['Polychaete Worm', 'Sea Sponge', 'Hermit Crab', 'Sea Star', 'Sea Anemone']",5,Moving sideways along sandy bottom.
186,24,4.953033822786781,3,A. Farensis,,True,0.8092765149961471,sub_adult,female,187,19.786615028697558,,"['Hermit Crab', 'Sea Sponge', 'Sea Urchin', 'Coral Fragment']",9,Climbing seaweed stalks.
187,14,4.459347705446666,8,A farensis,,True,3.7243183163670066,adult,female,188,19.455068012899922,,"['Sea Anemone', 'Sea Sponge', 'Polychaete Worm', 'Jellyfish', 'Sea Star']",8,Claw snapping in competition.
188,20,5.748524895030246,3,A. Farensis,,True,1.3776062343028168,sub_adult, ,189,18.33955088202231,,"['Mussel', 'Snail']",8,Resting in shaded rock crevice.
189,18,3.55125818044121,4,u. olhanen.,,False,13.634286023356502,adult, ,190,18.51551111465488,,"['Algae', 'Sea Sponge', 'Hermit Crab', 'Barnacle', 'Small Fish']",10,Sideways walking along bay edge.
190,12,5.892439434074635,3,A. Farensis,,False,1.467452363607255,sub_adult,male,191,19.982813876668548,,"['Snail', 'Sea Sponge', 'Hermit Crab', 'Polychaete Worm', 'Barnacle']",7,Waving claws rhythmically.
191,25,6.231615715672358,9,u. olhanen.,,False,0.599515400788576,juvenile,male,192,20.237332952310467,,"['Sea Anemone', 'Snail', 'Mussel']",8,Displaying dominance by lifting body.
192,30,7.476392909942814,6,A farensis,,False,35.85889236844633,sub_adult,male,193,21.738692685589587,,"['Sea Star', 'Algae']",10,Resting in shaded rock crevice.
193,13,5.979218472380976,4,U. olhanensis,,True,1.8243185320931252,adult,female,194,19.788634950827912,,['Sea Urchin'],9,Waving claws rhythmically.
194,13,5.0293473233300166,8,A. Farensis,,False,0.5852442672333065,sub_adult,male,195,18.530606754336592,,"['Hermit Crab', 'Small Fish', 'Mussel', 'Sea Urchin', 'Snail']",10,Foraging among seagrass roots.
195,7,4.889423790216138,6,A farensis,,False,0.4301657827147056,pre_puberty,male,196,17.617623924310774,,['Coral Fragment'],6,Retreating quickly from shadow.
196,9,5.462461238779916,6,u. olhanen.,,False,5.6234806010772695,pre_puberty,female,197,18.426533010158046,,"['Sea Urchin', 'Sea Sponge', 'Crab (Other Species)', 'Mussel', 'Snail']",6,Resting in shaded rock crevice.
197,14,5.9779811427799086,9,U. olhanensis,,False,2.0712984829290373,pre_puberty,male,198,18.34314637731645,,"['Sea Anemone', 'Algae', 'Shrimp', 'Coral Fragment']",8,Inspecting discarded crab shell.
198,18,5.619483096171853,3,u. olhanen.,,False,32.771845641036485,adult,male,199,17.65139277134286,,"['Jellyfish', 'Hermit Crab', 'Snail']",7,Feeding on small mollusks.
199,9,5.637598020209584,5,u. olhanen.,,True,1.2727308478162926,pre_puberty,male,200,15.188278247952876,,"['Sea Anemone', 'Mussel', 'Algae', 'Sea Urchin']",6,Climbing vertical rock face.
200,28,6.503417826171847,4,U. olhanensis,,False,0.3599711365395376,sub_adult, ,201,21.14259336635958,,['Jellyfish'],9,Burrowing into sandy sediment.
201,11,4.693037172427052,6,U. olhanensis,,False,4.030478786245801,pre_puberty,female,202,16.9934029907513,,"['Crab (Other Species)', 'Snail', 'Small Fish', 'Sea Urchin', 'Coral Fragment']",4,Cleaning claws with rubbing motion.
202,30,4.912804118317796,3,A. Farensis,,False,9.341900975070216,pre_puberty,?,203,22.396514789418276,,"['Jellyfish', 'Polychaete Worm', 'Coral Fragment']",8,Camouflaging with surrounding mud.
203,29,7.595971878813958,7,u. olhanen.,,False,0.577526656338478,juvenile,female,204,20.64777156390835,,['Small Fish'],7,Feeding on algae scraped from rocks.
204,23,7.1976870186088915,2,A farensis,,False,23.845307876794458,adult, ,205,20.125487900798923,,['Snail'],12,Escaping from aggressive fish.
205,16,5.182349060022396,2,U. olhanensis,,False,1.9186022140336225,adult,male,206,18.77029051461193,,"['Sea Sponge', 'Sea Star']",10,Climbing barnacle-covered surfaces.
206,10,4.102098236680375,4,A farensis,,False,38.59131201256924,pre_puberty,male,207,17.972066891288677,,"['Jellyfish', 'Sea Urchin']",8,Hiding beneath rocks.
207,13,6.843177295441738,6,u. olhanen.,,False,0.08747164716121092,pre_puberty,male,208,18.610644304846765,,"['Shrimp', 'Mussel', 'Small Fish', 'Sea Anemone']",9,Picking biofilm on submerged wood.
208,29,5.9260143726324515,4,u. olhanen.,,False,13.322951697080462,juvenile,male,209,21.572925800492552,,['Barnacle'],8,Burrowing into sandy sediment.
209,26,7.015908789803705,6,A farensis,,False,22.534971763449573,sub_adult,male,210,20.505181916415115,,"['Coral Fragment', 'Jellyfish', 'Small Fish', 'Sea Anemone']",9,Moving toward warmer water pockets.
210,26,6.2224481874944635,5,U. olhanensis,,True,0.5381718502317745,sub_adult,male,211,19.845456334156015,,"['Hermit Crab', 'Algae', 'Sea Star', 'Sea Sponge']",6,Picking detritus from seabed.
211,32,8.703392535003754,4,U. olhanensis,,True,2.3139115880814174,pre_puberty,nan,212,24.178394008411626,,"['Algae', 'Snail']",7,Moving sideways along sandy bottom.
212,13,5.234036353816718,2,U. olhanensis,,False,0.6405469944790355,juvenile,male,213,18.488017679259677,,"['Sea Sponge', 'Small Fish']",11,Climbing seaweed stalks.
213,7,5.799473652074262,5,A farensis,,False,5.822145825561922,pre_puberty,male,214,15.828534581656246,,['Jellyfish'],5,Half buried in sand.
214,29,5.690684164134071,11,u. olhanen.,,False,3.819780583620534,sub_adult,male,215,21.79645041863326,,"['Crab (Other Species)', 'Sea Star', 'Algae', 'Sea Anemone']",8,Rapid claw movement while feeding.
215,16,8.898217283273294,2,u. olhanen.,,False,3.3793234262745213,adult,male,216,17.704345785694066,,"['Barnacle', 'Snail', 'Mussel']",4,Crab moving quickly across rocks.
216,14,6.583272110781654,3,U. olhanensis,,True,45.52734563083562,pre_puberty,male,217,17.35873685052252,,"['Sea Anemone', 'Polychaete Worm']",12,Rapid claw movement while feeding.
217,10,7.905364538574307,8,A. Farensis,,False,14.937736275486028,adult,male,218,18.6903098779331,,"['Crab (Other Species)', 'Shrimp', 'Polychaete Worm', 'Sea Urchin', 'Small Fish']",8,Picking algae from rock surface.
218,24,4.71463335242121,2,u. olhanen.,,False,1.8241799632540865,pre_puberty,female,219,22.16697516269832,,['Sea Sponge'],6,Burrowing into sandy sediment.
219,28,5.505249400971812,8,U. olhanensis,,False,61.97379809072832,pre_puberty,male,220,22.8178030463881,,['Shrimp'],8,Claw waving directed at nearby crab.
220,7,5.343181625751499,3,A farensis,,False,0.2935623655288196,adult,male,221,17.369037022673126,,"['Small Fish', 'Algae', 'Coral Fragment', 'Polychaete Worm', 'Sea Urchin']",6,Picking detritus from seabed.
221,23,6.192354482043941,2,A. Farensis,,False,0.6116033863176717,sub_adult,male,222,19.42123282332003,,"['Sea Star', 'Algae', 'Coral Fragment']",6,Searching for mates at twilight.
222,30,5.439739933499543,4,A. Farensis,,False,1.6916524824647854,pre_puberty, ,223,20.056006523456553,,"['Small Fish', 'Sea Urchin', 'Snail', 'Sea Anemone']",8,Climbing seaweed stalks.
223,15,4.418398847626626,3,U. olhanensis,,False,31.078575735373537,juvenile,male or female,224,18.511292959336952,,"['Sea Anemone', 'Crab (Other Species)', 'Shrimp']",6,Hiding under floating debris.
224,36,6.799370633821695,2,A farensis,,True,7.588266281930454,pre_puberty,male,225,23.74900717609906,,"['Algae', 'Mussel', 'Jellyfish', 'Coral Fragment', 'Sea Star']",9,Displaying dominance by lifting body.
225,20,4.108867054930411,6,A. Farensis,,False,9.49502483987213,pre_puberty,female,226,20.025111488187783,,['Sea Anemone'],10,Exchanging antenna taps.
226,19,3.398240138403763,5,u. olhanen.,,False,0.6456503402562906,sub_adult,female,227,22.531464470273495,,"['Hermit Crab', 'Sea Anemone', 'Algae', 'Sea Sponge', 'Polychaete Worm']",10,Hiding under floating debris.
227,34,7.540181505758328,9,A. Farensis,,False,1.3058541337964165,sub_adult,nan,228,23.461679643998064,,"['Shrimp', 'Algae']",5,Waving claws rhythmically.
228,29,7.010193928951422,3,A farensis,,False,3.677953880801331,pre_puberty,male,229,21.417878387579805,,"['Sea Anemone', 'Small Fish', 'Shrimp', 'Sea Sponge']",8,Emerging cautiously from hiding.
229,26,7.188258113210683,3,U. olhanensis,,False,4.909612582129479,adult,nan,230,17.74882729793328,,"['Sea Urchin', 'Sea Star', 'Crab (Other Species)', 'Shrimp']",11,Escaping from aggressive fish.
230,25,7.423942283983031,6,U. olhanensis,,False,4.899823234199909,adult,male,231,20.748633214588516,,"['Sea Urchin', 'Coral Fragment', 'Hermit Crab', 'Polychaete Worm']",8,Swimming short distance to escape.
231,13,5.721692714496929,2,U. olhanensis,,True,6.889011873641809,sub_adult,female,232,19.179792453700287,,"['Crab (Other Species)', 'Mussel', 'Barnacle']",8,Mating behavior with antenna touching.
232,6,5.6588210362956035,3,U. olhanensis,,False,0.7702668180833407,sub_adult,male,233,17.307683064020708,,"['Sea Star', 'Mussel', 'Hermit Crab', 'Sea Urchin']",9,Searching for mates at twilight.
233,13,7.964309365380341,4,A farensis,,False,10.013298350247497,pre_puberty,male,234,18.303723026716483,,"['Jellyfish', 'Snail', 'Sea Urchin', 'Hermit Crab', 'Sea Star']",12,Climbing onto submerged logs.
234,22,6.294152231311874,5,A farensis,,True,2.111993736856213,pre_puberty,?,235,20.798479519130094,,"['Hermit Crab', 'Shrimp', 'Mussel', 'Coral Fragment']",8,Feeding on small crustaceans.
235,9,7.795242773446874,9,A. Farensis,,False,2.059913613026459,juvenile,male,236,18.644703605598913,,"['Algae', 'Mussel', 'Sea Sponge', 'Sea Urchin', 'Polychaete Worm']",8,Shaking claws after contact.
236,35,5.340088820792387,4,U. olhanensis,,True,4.113037676562051,juvenile,male,237,22.880560313937252,,['Hermit Crab'],9,Displaying dominance by lifting body.
237,8,7.008281510962438,7,U. olhanensis,,False,11.725843807167829,sub_adult,male,238,18.501223916624227,,"['Jellyfish', 'Snail', 'Barnacle', 'Sea Urchin']",6,Inspecting discarded crab shell.
238,21,6.911507060089961,4,u. olhanen.,,True,9.526938452996925,pre_puberty, ,239,19.261169858220324,,"['Algae', 'Small Fish']",7,Feeding on algae scraped from rocks.
239,14,8.371936760456911,3,A. Farensis,,False,1.0259834319257393,adult,female,240,17.009859746794607,,"['Shrimp', 'Jellyfish', 'Sea Star', 'Coral Fragment', 'Small Fish']",8,Feeding on detritus in shallow water.
240,15,7.346698559817426,5,A farensis,,True,1.278917783471681,pre_puberty,?,241,18.346332176431112,,"['Shrimp', 'Snail', 'Small Fish', 'Crab (Other Species)', 'Hermit Crab']",6,Feeding on small mollusks.
241,30,4.756084552338379,2,u. olhanen.,,False,19.917158589660467,pre_puberty,male,242,21.338061697641322,,"['Sea Sponge', 'Sea Star', 'Algae', 'Snail', 'Shrimp']",11,Shaking claws after contact.
242,24,6.664088038559028,4,A farensis,,True,2.322827325010684,juvenile,female,243,20.62435589793908,,"['Small Fish', 'Shrimp', 'Crab (Other Species)']",8,Picking detritus from seabed.
243,30,6.868366332102278,6,A. Farensis,,False,30.75869089577381,pre_puberty,female,244,21.43237955151822,,"['Mussel', 'Small Fish', 'Barnacle']",10,Guarding eggs under abdominal flap.
244,8,4.806872647449297,2,u. olhanen.,,False,2.546676465608899,sub_adult,male,245,17.24187275071008,,"['Shrimp', 'Sea Anemone']",8,Guarding a small hole in sediment.
245,19,5.793858996223878,7,A farensis,,False,1.1873011559505875,pre_puberty,male,246,20.955865901537294,,['Coral Fragment'],9,Stillness in cold water.
246,26,4.073554014913845,5,u. olhanen.,,False,23.219877917066537,adult, ,247,19.79907492049304,,['Coral Fragment'],10,Moving in groups.
247,20,3.23746091365876,8,A. Farensis,,False,0.7026155312345183,pre_puberty,male,248,20.7581246867727,,['Algae'],8,Exchanging antenna taps.
248,25,8.121597911124109,12,A. Farensis,,False,7.769068096448048,pre_puberty, ,249,21.50734488293369,,['Snail'],6,Feeding on algae scraped from rocks.
249,10,6.207170521993973,8,A. Farensis,,False,4.175391934606435,pre_puberty, ,250,17.057258186199626,,"['Sea Urchin', 'Snail', 'Coral Fragment', 'Jellyfish', 'Algae']",9,Picking biofilm on submerged wood.
250,34,10.465238533504149,3,A. Farensis,,False,1.6240708290650643,pre_puberty,male,251,21.672939689277932,,"['Small Fish', 'Crab (Other Species)', 'Sea Star']",10,Displaying dominance by lifting body.
251,18,5.750650519186124,3,A farensis,,True,6.080709851616908,sub_adult,male or female,252,20.497089897381755,,"['Hermit Crab', 'Mussel']",11,Climbing barnacle-covered surfaces.
252,21,4.20539893892247,6,A. Farensis,,False,1.347584218001198,pre_puberty,male or female,253,20.36345481380775,,"['Algae', 'Jellyfish', 'Shrimp']",9,Picking biofilm on submerged wood.
253,22,5.513179175381057,9,u. olhanen.,,False,19.158149726634576,adult,nan,254,19.676857578738954,,"['Crab (Other Species)', 'Small Fish']",7,Exchanging antenna taps.
254,20,4.190194021215937,8,u. olhanen.,,False,1.3411956302193022,juvenile,male,255,19.216799356210633,,"['Hermit Crab', 'Small Fish', 'Snail', 'Jellyfish', 'Sea Sponge']",5,Guarding a small hole in sediment.
255,18,6.6362587330447695,2,A. Farensis,,False,0.6984608079505641,sub_adult,male,256,19.967695397997687,,['Sea Anemone'],6,Retreating into burrow.
256,15,7.691515006230459,4,U. olhanensis,,False,9.540644729057732,sub_adult,male,257,20.96233374494494,,"['Mussel', 'Shrimp', 'Jellyfish', 'Polychaete Worm', 'Sea Anemone']",12,Interaction with hermit crabs.
257,26,8.273356735433076,3,u. olhanen.,,False,12.222490008374157,sub_adult, ,258,20.04845315633415,,"['Snail', 'Sea Star']",9,Climbing onto submerged logs.
258,17,5.2048547538679815,6,A farensis,,True,63.82851706739715,adult,female,259,16.67481034725201,,"['Sea Urchin', 'Algae']",9,Rapid claw movement while feeding.
259,15,6.286314719437704,5,A farensis,,True,0.8269279164258112,pre_puberty,male,260,19.762602681604694,,"['Crab (Other Species)', 'Hermit Crab']",8,Picking biofilm on submerged wood.
260,12,9.050307778491991,5,A. Farensis,,False,3.280072020755483,adult,male,261,18.128570474162625,,"['Sea Star', 'Barnacle']",6,Climbing vertical rock face.
261,20,4.491196825534695,4,U. olhanensis,,False,1.4725899872620156,sub_adult,male,262,19.336073069836452,,"['Sea Star', 'Snail', 'Algae', 'Crab (Other Species)']",10,Cleaning claws with rubbing motion.
262,18,7.390443835933774,2,U. olhanensis,,False,2.520185483290616,sub_adult,female,263,18.090443054774838,,"['Algae', 'Sea Sponge', 'Polychaete Worm']",7,Pausing frequently during exploration.
263,12,2.029223131618384,3,U. olhanensis,,False,9.20595345577981,sub_adult,male,264,21.098897129323618,,"['Hermit Crab', 'Sea Anemone', 'Small Fish', 'Mussel']",10,Swimming short distance to escape.
264,9,7.501948995674938,3,A farensis,,False,9.401694384777821,sub_adult,nan,265,21.176030536155267,,"['Polychaete Worm', 'Hermit Crab']",5,Struggling with entangled seaweed.
265,8,6.269487282338739,2,A farensis,,False,0.33248922677323045,adult,male,266,17.805863918483595,,['Jellyfish'],10,Moving toward warmer water pockets.
266,11,9.065442596538556,3,u. olhanen.,,False,0.28007283127272486,adult, ,267,18.633820923655335,,"['Sea Anemone', 'Polychaete Worm', 'Mussel', 'Sea Urchin', 'Algae']",8,Shaking claws after contact.
267,19,4.05718359689998,4,u. olhanen.,,False,8.681698873670673,sub_adult,female,268,20.483236106850097,,"['Sea Star', 'Sea Urchin', 'Jellyfish', 'Snail', 'Mussel']",12,Feeding on detritus in shallow water.
268,26,7.669484825871652,6,u. olhanen.,,False,0.35964090426822287,sub_adult,male or female,269,22.761955280472367,,"['Sea Sponge', 'Coral Fragment', 'Jellyfish']",5,Foraging among seagrass roots.
269,13,7.632137282100212,5,u. olhanen.,,True,0.8485922211749033,sub_adult,female,270,19.54944808417222,,['Mussel'],9,Defensive posture when approached.
270,27,4.040871176779714,4,A farensis,,False,0.4703711086203689,juvenile,male or female,271,22.245872057017948,,"['Polychaete Worm', 'Small Fish', 'Crab (Other Species)', 'Mussel', 'Coral Fragment']",10,Cleaning claws with rubbing motion.
271,9,7.137773391295504,5,U. olhanensis,,True,5.0790465931031035,pre_puberty,female,272,16.57974183368851,,"['Coral Fragment', 'Sea Anemone', 'Algae']",6,Struggling with entangled seaweed.
272,27,5.7776207126177495,4,A. Farensis,,True,16.81210689936085,pre_puberty,female,273,20.512311253279503,,"['Mussel', 'Sea Star', 'Sea Urchin']",4,Half buried in sand.
273,31,7.885479332600719,2,U. olhanensis,,False,0.18196833455935835,juvenile,male,274,21.25755036210296,,['Snail'],12,Feeding on detritus in shallow water.
274,27,6.8554785878972355,4,u. olhanen.,,False,1.6418200656897777,pre_puberty, ,275,20.7472269057134,,"['Sea Star', 'Coral Fragment', 'Jellyfish', 'Sea Anemone']",9,Picking biofilm on submerged wood.
275,11,5.279420796125073,7,A farensis,,False,2.707078967172619,sub_adult,male,276,20.230606406515964,,"['Polychaete Worm', 'Small Fish']",6,Burrowing into sandy sediment.
276,28,7.684890022821565,4,A. Farensis,,True,0.5072771697495222,adult,male,277,18.772810667377158,,"['Polychaete Worm', 'Barnacle']",12,Slow movement near seagrass patches.
277,19,6.806774486678359,3,U. olhanensis,,False,3.729451930341023,juvenile, ,278,18.856903349305124,,"['Barnacle', 'Coral Fragment']",10,Burrowing into sandy sediment.
278,12,7.720083315427564,2,U. olhanensis,,False,2.4011167048667628,pre_puberty,female,279,19.312458000620182,,"['Hermit Crab', 'Sea Star', 'Snail', 'Small Fish']",8,Feeding on small mollusks.
279,29,6.333364123034531,7,A. Farensis,,False,3.9026081984105496,adult,female,280,21.00595832079985,,"['Sea Star', 'Coral Fragment', 'Sea Urchin', 'Jellyfish', 'Small Fish']",9,Dragging shell fragment backward.
280,22,4.095249213701269,4,u. olhanen.,,True,6.511164296262814,sub_adult,female,281,18.180973263339816,,"['Snail', 'Small Fish', 'Crab (Other Species)']",8,Inspecting discarded crab shell.
281,10,4.805086599379109,4,u. olhanen.,,True,3.184550811651084,pre_puberty,?,282,18.304401409360768,,"['Algae', 'Jellyfish', 'Barnacle']",7,Exchanging antenna taps.
282,19,6.212974768214802,6,U. olhanensis,,False,22.028712443431406,pre_puberty,female,283,19.652933835536455,,['Polychaete Worm'],11,Rapid crossing of open sand.
283,23,6.318440893628786,3,U. olhanensis,,True,3.173161815470461,pre_puberty,male,284,20.68403050005947,,"['Snail', 'Mussel', 'Crab (Other Species)']",8,Climbing submerged rocks.
284,9,4.183434820148364,3,A farensis,,False,4.402216998716327,pre_puberty,male,285,16.961268747353888,,['Jellyfish'],6,Resting in shaded rock crevice.
285,14,5.015853877315461,5,A farensis,,True,0.12994159380925052,pre_puberty,female,286,20.23200897378726,,"['Snail', 'Sea Anemone']",5,Picking biofilm on submerged wood.
286,23,8.380610327890786,2,A farensis,,False,1.571640996354583,pre_puberty,male or female,287,20.79008715654634,,['Sea Anemone'],9,Hiding under seagrass blades.
287,10,5.056931585979951,3,u. olhanen.,,False,8.005577987463859,juvenile,male or female,288,18.34263039738354,,"['Algae', 'Sea Sponge', 'Sea Star']",9,Struggling with entangled seaweed.
288,10,3.155422119937207,3,A. Farensis,,False,2.7703498845804457,juvenile,male,289,17.629611929071064,,"['Polychaete Worm', 'Coral Fragment', 'Sea Anemone', 'Barnacle', 'Sea Sponge']",9,Swimming short distance to escape.
289,6,5.139701783744478,9,U. olhanensis,,False,5.969480941075241,sub_adult,female,290,16.704217261776044,,['Sea Sponge'],8,Rapid crossing of open sand.
290,38,8.036122526995495,3,u. olhanen.,,False,1.6062835176303418,sub_adult,male,291,23.92619066574914,,"['Shrimp', 'Barnacle', 'Polychaete Worm', 'Snail', 'Algae']",8,Dragging shell fragment backward.
291,10,6.977357104883836,3,A. Farensis,,False,3.3133682745029196,pre_puberty, ,292,20.28259900177066,,"['Jellyfish', 'Coral Fragment', 'Sea Sponge', 'Small Fish']",8,Stillness in cold water.
292,24,3.4654780962816547,3,u. olhanen.,,False,5.611629787898156,sub_adult,nan,293,20.072006393534203,,"['Sea Anemone', 'Algae', 'Hermit Crab']",7,Color changes during molting.
293,16,5.519015794991582,8,U. olhanensis,,False,0.3002057879270345,sub_adult, ,294,19.25691366050743,,"['Sea Urchin', 'Polychaete Worm', 'Barnacle', 'Jellyfish']",8,Hiding in sandy burrow.
294,33,6.574944801986428,5,U. olhanensis,,False,2.3159893054495604,adult,male,295,22.890695416497977,,"['Sea Star', 'Algae', 'Snail', 'Small Fish']",6,Claw snapping at diver.
295,32,4.824143233276032,5,A farensis,,False,22.833344962995458,pre_puberty,female,296,21.49028818934839,,"['Polychaete Worm', 'Snail', 'Crab (Other Species)']",10,Moving toward warmer water pockets.
296,31,5.74915491885279,4,U. olhanensis,,False,0.41698105983363404,pre_puberty,male,297,21.30338394973993,,"['Sea Urchin', 'Barnacle', 'Shrimp', 'Polychaete Worm']",10,Picking detritus from seabed.
297,28,7.70351058316168,4,A. Farensis,,False,3.177355672870734,adult,male or female,298,21.28629322393456,,"['Sea Urchin', 'Hermit Crab', 'Shrimp', 'Sea Sponge', 'Jellyfish']",8,Resting under shell fragment.
298,8,4.9676351659606865,5,U. olhanensis,,True,1.6469366166082378,sub_adult, ,299,17.037754413652728,,"['Sea Anemone', 'Sea Star']",8,Feeding on algae scraped from rocks.
299,24,8.24925854490126,4,A. Farensis,,False,7.654007015992679,juvenile,female,300,22.961872004831505,,"['Sea Sponge', 'Sea Anemone', 'Small Fish', 'Crab (Other Species)', 'Polychaete Worm']",8,Searching for food in tidal pools.
300,26,4.7266013439299694,7,A farensis,,True,2.840784157071434,pre_puberty,male or female,301,22.218551815980227,,['Hermit Crab'],10,Exchanging antenna taps.
301,12,6.21551963273288,4,A. Farensis,,False,3.4155536508204007,adult,male,302,18.478638456718677,,"['Shrimp', 'Algae', 'Jellyfish', 'Crab (Other Species)']",8,Shaking claws after contact.
302,9,7.351535379071893,2,U. olhanensis,,False,13.142962001911412,juvenile,male,303,18.400179997363015,,['Barnacle'],8,Moving sideways along sandy bottom.
303,13,8.479214748280542,3,U. olhanensis,,False,3.198450627054169,juvenile,male,304,16.999454246740687,,"['Crab (Other Species)', 'Coral Fragment', 'Jellyfish', 'Shrimp']",6,Hiding under floating debris.
304,12,8.767369043007303,5,A. Farensis,,False,0.8046864511820784,adult,male,305,19.430154963960298,,"['Polychaete Worm', 'Sea Anemone']",4,Picking detritus from seabed.
305,15,6.403056204568712,5,u. olhanen.,,False,16.12750042505874,adult,male,306,18.13302955638258,,"['Shrimp', 'Barnacle']",6,Territorial display against intruder.
306,26,5.148982947511675,2,A. Farensis,,True,3.4824316438148877,sub_adult,male,307,16.82338629734199,,['Algae'],14,Feeding on small mollusks.
307,23,7.418419257919645,4,u. olhanen.,,False,3.657621151901199,pre_puberty,male or female,308,20.23988338306452,,"['Barnacle', 'Jellyfish']",10,Sitting still blending with environment.
308,14,6.903273716479855,5,U. olhanensis,,False,1.0547266653454075,adult,female,309,21.29494965721391,,"['Small Fish', 'Shrimp', 'Sea Sponge', 'Barnacle']",9,Defensive posture when approached.
309,45,3.865491256125671,9,A farensis,,True,1.4549777147789507,pre_puberty,male,310,23.465431477778154,,"['Barnacle', 'Crab (Other Species)']",7,Emerging cautiously from hiding.
310,20,6.759987497566494,4,A farensis,,False,2.894555018841816,pre_puberty,male,311,20.623078926506597,,"['Hermit Crab', 'Crab (Other Species)', 'Small Fish', 'Snail', 'Sea Star']",6,Climbing barnacle-covered surfaces.
311,12,5.79905792351436,5,A. Farensis,,True,2.3681679426499054,pre_puberty,female,312,18.63184688809728,,"['Sea Sponge', 'Sea Anemone', 'Jellyfish', 'Crab (Other Species)']",8,Interacting with small fish nearby.
312,7,6.324745830109879,3,U. olhanensis,,False,3.804110165345523,juvenile,?,313,17.51215438077228,,"['Snail', 'Coral Fragment', 'Polychaete Worm', 'Crab (Other Species)', 'Shrimp']",7,Picking algae from rock surface.
313,23,8.537644276386903,6,U. olhanensis,,False,3.4296822952513564,sub_adult,male,314,18.03419819219906,,['Sea Star'],11,Climbing vertical rock face.
314,15,6.242641514902741,9,A farensis,,True,6.847623882043896,juvenile,nan,315,21.301895621046494,,"['Polychaete Worm', 'Sea Sponge']",9,Picking biofilm on submerged wood.
315,26,9.866947653875577,2,A farensis,,True,0.4580103760937853,pre_puberty,?,316,18.535382602342082,,"['Algae', 'Coral Fragment']",7,Swimming short distance to escape.
316,11,4.484253286933855,2,u. olhanen.,,False,3.4636201373279527,adult,female,317,19.512023107870352,,"['Snail', 'Barnacle']",10,Climbing onto submerged logs.
317,31,6.262155976807181,8,u. olhanen.,,False,23.846101045971356,pre_puberty,-,318,21.264661276538476,,"['Sea Anemone', 'Hermit Crab', 'Algae', 'Sea Star']",6,Resting under shell fragment.
318,30,8.593245836688363,5,A farensis,,True,0.602408748218401,adult,female,319,21.806291972182102,,"['Sea Urchin', 'Coral Fragment', 'Algae', 'Mussel', 'Sea Star']",8,Pausing frequently during exploration.
319,14,5.447646526440993,7,U. olhanensis,,True,4.79025745574218,sub_adult,male,320,19.275973460395818,,['Snail'],6,Climbing algae-covered rocks.
320,28,8.476030704392697,6,U. olhanensis,,False,0.34214896222520913,sub_adult,female,321,20.811858889556195,,"['Crab (Other Species)', 'Polychaete Worm', 'Sea Sponge', 'Sea Star']",12,Claw snapping at diver.
321,36,6.027079925068396,8,A. Farensis,,False,2.587554837199633,pre_puberty,female,322,24.446801166719915,,"['Sea Sponge', 'Hermit Crab', 'Jellyfish', 'Coral Fragment']",7,Climbing submerged rocks.
322,16,3.729399115740657,5,A farensis,,False,1.5227325690914613,sub_adult,male,323,19.006417069909666,,"['Sea Urchin', 'Coral Fragment', 'Shrimp', 'Polychaete Worm']",6,Climbing algae-covered rocks.
323,17,5.841831650181939,7,A. Farensis,,True,3.5836935002044443,juvenile,male,324,18.66395769719784,,"['Sea Sponge', 'Coral Fragment', 'Hermit Crab', 'Polychaete Worm', 'Sea Anemone']",7,Foraging among seagrass roots.
324,8,7.768192442717053,8,A farensis,,False,2.0830794184178805,juvenile,male,325,18.367160124112125,,"['Crab (Other Species)', 'Polychaete Worm']",10,Moving toward warmer water pockets.
325,43,6.91529025814872,2,u. olhanen.,,False,9.435029155097158,pre_puberty,female,326,23.768922328656934,,"['Sea Star', 'Snail', 'Barnacle', 'Sea Urchin', 'Hermit Crab']",5,Color changes during molting.
326,7,6.878747844646555,3,u. olhanen.,,False,22.416042246308425,sub_adult,male,327,15.443594617692149,,"['Hermit Crab', 'Barnacle', 'Coral Fragment']",5,Foraging among seagrass roots.
327,21,6.7615534372761905,8,u. olhanen.,,False,5.478531453332114,sub_adult,male,328,20.328177833443746,,"['Small Fish', 'Sea Anemone', 'Sea Star', 'Shrimp', 'Sea Sponge']",9,Resting in shaded rock crevice.
328,12,4.566426294844028,4,A. Farensis,,False,9.8557617992667,sub_adult, ,329,17.60213857532241,,"['Crab (Other Species)', 'Sea Anemone', 'Snail']",9,Inspecting discarded crab shell.
329,21,5.109719524497672,9,A. Farensis,,False,0.7800399875840781,pre_puberty,male or female,330,21.220080924682275,,['Shrimp'],10,Emerging cautiously from hiding.
330,16,3.200407597920384,4,U. olhanensis,,True,64.61179014313487,pre_puberty,male,331,18.193928183520853,,"['Barnacle', 'Jellyfish', 'Snail', 'Algae']",9,Feeding on small mollusks.
331,14,4.998351254305225,3,A. Farensis,,False,15.047416140452915,sub_adult,male,332,16.318373958215787,,"['Shrimp', 'Algae', 'Mussel', 'Crab (Other Species)']",7,Feeding on small mollusks.
332,10,7.018507318265936,2,A farensis,,False,1.3005157078118175,adult,nan,333,19.288603732038503,,['Small Fish'],7,Waving claws rhythmically.
333,22,7.502260390120417,8,u. olhanen.,,False,0.12007828204583061,adult,?,334,20.91688571651623,,"['Coral Fragment', 'Small Fish', 'Hermit Crab', 'Shrimp']",7,Exchanging antenna taps.
334,11,6.246213972301775,7,A. Farensis,,False,12.04206205782993,adult,female,335,19.497142761565122,,"['Hermit Crab', 'Polychaete Worm', 'Sea Anemone']",7,Foraging among seagrass roots.
335,11,5.421904652112824,4,u. olhanen.,,True,21.609420143798722,adult,male or female,336,14.962155381852519,,"['Crab (Other Species)', 'Sea Star', 'Algae']",9,Feeding on algae scraped from rocks.
336,24,6.714618334009047,5,A. Farensis,,False,0.7796375162089662,juvenile,female,337,18.824771109197496,,['Barnacle'],9,Picking biofilm on submerged wood.
337,10,4.936679260271347,8,A. Farensis,,False,1.4816559801337832,pre_puberty,female,338,16.76238343881674,,"['Mussel', 'Hermit Crab', 'Snail', 'Jellyfish']",12,Burrowing into sandy sediment.
338,21,6.000467681009931,4,A farensis,,True,7.927882795910624,pre_puberty,male,339,20.08540471299501,,"['Algae', 'Sea Urchin', 'Sea Sponge', 'Snail', 'Sea Anemone']",10,Moving in groups.
339,23,4.9405423104801205,4,U. olhanensis,,False,4.442282212976708,juvenile,male,340,18.378202862657535,,"['Mussel', 'Snail', 'Coral Fragment']",9,Moving in groups.
340,14,5.001024789710179,5,A farensis,,True,2.0580062007847895,pre_puberty,female,341,19.122743067545564,,"['Barnacle', 'Jellyfish', 'Coral Fragment', 'Polychaete Worm']",9,Claw snapping at diver.
341,20,5.237776496772533,5,A. Farensis,,True,0.5004629094452353,adult,male,342,20.43297764475334,,"['Algae', 'Barnacle', 'Shrimp']",9,Claw snapping at diver.
342,30,7.235703618472144,7,U. olhanensis,,False,0.40511296951453846,juvenile,female,343,18.78682454223839,,['Algae'],9,Climbing vertical rock face.
343,12,5.717283468061359,4,A. Farensis,,False,0.4771113858526891,juvenile,male or female,344,17.346703030051703,,"['Sea Star', 'Mussel']",9,Territorial display against intruder.
344,25,4.514241128965174,4,A farensis,,False,0.7971541181959501,pre_puberty,male,345,21.17167221408171,,"['Shrimp', 'Sea Anemone']",8,Cleaning claws with rubbing motion.
345,24,8.833239194949622,2,A. Farensis,,False,1.2262486737007077,juvenile,N/R,346,19.054656281461885,,"['Small Fish', 'Hermit Crab', 'Sea Star']",9,Feeding on small crustaceans.
346,15,4.2129520500576,7,A. Farensis,,True,1.1474330418318188,adult, ,347,20.34833239334669,,"['Barnacle', 'Sea Anemone', 'Shrimp']",8,Searching for food in tidal pools.
347,13,6.795156130396284,2,u. olhanen.,,False,4.184120274721153,adult,?,348,18.528484218724685,,['Barnacle'],9,Resting under shell fragment.
348,13,8.496999806710335,5,u. olhanen.,,False,2.9826632929341885,sub_adult, ,349,17.660394307113926,,"['Sea Star', 'Sea Anemone']",13,Emerging cautiously from hiding.
349,13,5.34088979094568,6,u. olhanen.,,False,3.7854103819194322,sub_adult,male,350,18.855092417593127,,"['Small Fish', 'Sea Star']",11,Climbing onto submerged logs.
350,28,6.27983368338891,3,U. olhanensis,,False,8.05753726371917,juvenile,male,351,21.9062770168144,,['Crab (Other Species)'],10,Feeding on small crustaceans.
351,19,4.15579350918855,2,U. olhanensis,,False,44.54934314388381,juvenile,male,352,20.366247224177034,,"['Shrimp', 'Sea Sponge', 'Algae']",8,Moving sideways along sandy bottom.
352,23,7.188634177702887,2,U. olhanensis,,False,9.199756100865072,sub_adult,female,353,21.19214951425477,,"['Sea Urchin', 'Sea Star', 'Coral Fragment']",8,Guarding eggs under abdominal flap.
353,20,5.4586488483738895,3,u. olhanen.,,False,1.343727204910891,sub_adult,male,354,19.10543233339408,,"['Snail', 'Sea Urchin', 'Crab (Other Species)', 'Algae', 'Jellyfish']",9,Escaping from aggressive fish.
354,18,6.808582337850041,5,A farensis,,False,25.073777554390876,sub_adult,male,355,18.874781444598508,,"['Sea Sponge', 'Hermit Crab', 'Sea Star', 'Sea Urchin', 'Jellyfish']",8,Retreating quickly from shadow.
355,17,4.451956368239046,3,A farensis,,False,187.16736019475942,pre_puberty, ,356,21.628885224596623,,"['Coral Fragment', 'Shrimp', 'Crab (Other Species)']",10,Climbing barnacle-covered surfaces.
356,21,4.270971984041841,3,A. Farensis,,False,3.4309944697734465,pre_puberty,male,357,18.045395354143018,,"['Polychaete Worm', 'Small Fish', 'Sea Sponge', 'Sea Star']",6,Half buried in sand.
357,19,5.673446551042108,3,U. olhanensis,,False,1.2104784320868678,adult,male,358,17.513683613468572,,"['Sea Sponge', 'Jellyfish', 'Snail', 'Sea Anemone', 'Shrimp']",9,Social contact with other crabs.
358,22,6.238469018633524,6,U. olhanensis,,True,0.37200262066660683,pre_puberty,female,359,19.163812700999515,,"['Mussel', 'Coral Fragment', 'Polychaete Worm', 'Algae']",7,Using claws to dig into sediment.
359,14,7.4871765599139675,6,A farensis,,False,2.1209061328234196,pre_puberty,?,360,18.25843187217861,,['Crab (Other Species)'],7,Moving in groups.
360,14,3.5567286463262793,2,U. olhanensis,,False,1.5122884163223003,adult,male or female,361,18.220924197091477,,"['Snail', 'Sea Sponge']",7,Defensive posture when approached.
361,14,2.9335470534413464,4,u. olhanen.,,True,10.5442739376567,adult,female,362,20.33581649504948,,"['Sea Star', 'Sea Sponge', 'Coral Fragment', 'Algae']",10,Claw waving directed at nearby crab.
362,22,8.882994225179608,3,U. olhanensis,,False,3.2507573970327432,pre_puberty,male,363,20.058385736478876,,['Sea Sponge'],9,Resting under shell fragment.
363,17,5.13210136757507,3,A. Farensis,,False,1.7812007043886258,sub_adult,male or female,364,19.620278667827208,,"['Sea Sponge', 'Sea Anemone']",9,Emerging cautiously from hiding.
364,24,3.795003526752017,3,A farensis,,False,2.1796933552563456,pre_puberty,female,365,21.382823823787785,,"['Polychaete Worm', 'Sea Anemone', 'Algae']",7,Stillness in cold water.
365,22,7.103700127080759,2,u. olhanen.,,False,13.76155335558423,sub_adult,male,366,19.19108163519847,,"['Barnacle', 'Algae']",8,Sitting still blending with environment.
366,26,5.28493284053281,3,U. olhanensis,,False,2.0767806997853113,sub_adult, ,367,21.16049330266649,,"['Sea Anemone', 'Coral Fragment', 'Mussel', 'Snail', 'Sea Star']",8,Social contact with other crabs.
367,10,6.911825814420464,5,A. Farensis,,False,4.198219580982903,adult,male or female,368,16.48456082177815,,"['Hermit Crab', 'Shrimp', 'Coral Fragment']",11,Rapid crossing of open sand.
368,24,5.097436312149412,6,u. olhanen.,,False,2.299062490314604,sub_adult,male,369,18.41212723278469,,"['Sea Sponge', 'Sea Anemone']",6,Cleaning claws with rubbing motion.
369,28,6.707333095369024,6,u. olhanen.,,False,8.779337027497773,juvenile,male,370,21.737210492299774,,"['Shrimp', 'Sea Anemone', 'Barnacle', 'Mussel']",6,Sitting still blending with environment.
370,6,3.8522975728758175,9,u. olhanen.,,False,4.9524098684091244,pre_puberty,male,371,17.804095209316404,,['Algae'],9,Defensive posture when approached.
371,17,6.56075753891901,5,A. Farensis,,False,2.820133409521778,pre_puberty,male or female,372,18.327371099339565,,['Jellyfish'],10,Feeding on small mollusks.
372,14,6.510212602773249,4,A. Farensis,,True,14.453476358494434,juvenile,male,373,16.587447396819016,,['Sea Star'],12,Claw snapping at diver.
373,9,4.25028346434394,3,U. olhanensis,,False,22.313467714752445,adult, ,374,18.190190662329393,,"['Coral Fragment', 'Mussel', 'Crab (Other Species)', 'Barnacle', 'Shrimp']",12,Cleaning claws with rubbing motion.
374,8,5.363552224607636,2,A farensis,,False,0.8603430168978436,pre_puberty,nan,375,18.73394493315594,,"['Polychaete Worm', 'Barnacle', 'Jellyfish']",11,Waving claws rhythmically.
375,9,5.240468880706037,5,A. Farensis,,False,1.159879672986565,juvenile,male,376,18.815892662689404,,"['Hermit Crab', 'Small Fish', 'Sea Urchin']",9,Interaction with hermit crabs.
376,26,4.037290795639123,8,A. Farensis,,False,2.4615910594825,sub_adult,male,377,18.737175600683305,,"['Barnacle', 'Crab (Other Species)', 'Small Fish', 'Jellyfish']",11,Retreating into burrow.
377,11,6.549166113121405,4,u. olhanen.,,False,3.7790867553163516,juvenile,female,378,19.20473408863311,,"['Barnacle', 'Crab (Other Species)', 'Jellyfish', 'Sea Urchin']",8,Feeding on algae scraped from rocks.
378,9,4.767694336008793,3,A. Farensis,,False,2.205628033710493,sub_adult,female,379,16.57237136291865,,['Polychaete Worm'],8,Dragging shell fragment backward.
379,10,5.213776630525979,9,u. olhanen.,,False,1.7279144677565046,pre_puberty,male,380,19.031349778484486,,"['Sea Sponge', 'Snail', 'Jellyfish']",7,Retreating into burrow.
380,13,3.7541069606629147,3,A. Farensis,,False,22.63729304752921,sub_adult,female,381,18.487385367080474,,['Small Fish'],11,Retreating into burrow.
381,10,6.780065266548523,5,A farensis,,False,1.9787439165929386,juvenile,nan,382,17.273045488674885,,"['Snail', 'Shrimp', 'Sea Anemone', 'Polychaete Worm']",9,Cleaning claws with rubbing motion.
382,11,7.057083118308039,2,A. Farensis,,False,2.3205307644951905,juvenile,male or female,383,18.935592586906917,,['Jellyfish'],6,Retreating into burrow.
383,16,7.076698627948726,4,A. Farensis,,False,1.6569309356051471,pre_puberty,male,384,18.42691555821347,,"['Sea Sponge', 'Sea Urchin', 'Jellyfish']",8,Hiding beneath rocks.
384,26,4.307536568031507,3,A. Farensis,,False,1.2466560117156233,juvenile, ,385,19.48897094734894,,"['Sea Urchin', 'Sea Anemone', 'Shrimp', 'Crab (Other Species)']",6,Half buried in sand.
385,25,5.245679411784961,6,U. olhanensis,,True,2.797162732594315,juvenile,female,386,20.14608725603551,,"['Sea Star', 'Snail', 'Crab (Other Species)', 'Jellyfish', 'Mussel']",9,Hiding beneath rocks.
386,13,4.912293983572168,3,U. olhanensis,,False,18.6772737299048,juvenile, ,387,17.56921304500648,,"['Hermit Crab', 'Barnacle', 'Crab (Other Species)']",11,Moving in groups.
387,23,4.5105509340211585,2,u. olhanen.,,False,35.02120974101151,sub_adult,male,388,18.335716386806226,,"['Barnacle', 'Shrimp']",8,Climbing barnacle-covered surfaces.
388,6,5.009341776154957,5,u. olhanen.,,True,27.801855503073153,pre_puberty,male,389,19.48659985129308,,"['Hermit Crab', 'Mussel', 'Coral Fragment']",9,Shaking claws after contact.
389,17,3.8855929651061,4,u. olhanen.,,False,0.37239235139690874,adult,female,390,17.978466576075014,,"['Sea Anemone', 'Mussel', 'Sea Sponge', 'Sea Star', 'Hermit Crab']",4,Shaking claws after contact.
390,49,3.765778522686631,5,A. Farensis,,False,6.304539660874522,sub_adult,male,391,21.714014181147213,,"['Sea Anemone', 'Shrimp', 'Polychaete Worm']",5,Cleaning claws with rubbing motion.
391,22,8.107254556895773,4,A farensis,,False,18.69039644056104,adult,nan,392,20.387064383674304,,"['Coral Fragment', 'Mussel', 'Snail', 'Sea Anemone', 'Algae']",9,Exchanging antenna taps.
392,21,7.114854176930782,4,A. Farensis,,True,27.653074474073186,adult,male,393,21.23479440514839,,"['Snail', 'Sea Urchin', 'Hermit Crab']",7,Mating behavior with antenna touching.
393,17,7.437307591740908,2,U. olhanensis,,False,3.417189632817852,adult,female,394,20.234662557737064,,"['Polychaete Worm', 'Barnacle']",9,Hiding under floating debris.
394,26,7.328184993502894,3,U. olhanensis,,False,0.9594705757440399,adult,male,395,20.67202372609106,,"['Sea Sponge', 'Sea Anemone', 'Mussel']",8,Mating behavior with antenna touching.
395,31,5.517390334455965,4,u. olhanen.,,False,5.961076021184811,sub_adult,male,396,22.51002760274624,,['Crab (Other Species)'],9,Camouflaging with surrounding mud.
396,55,4.792802438091011,4,A. Farensis,,True,3.373651412784192,juvenile,female,397,26.735696055083963,,"['Small Fish', 'Coral Fragment']",4,Mating behavior with antenna touching.
397,8,6.250769317062688,7,A farensis,,False,3.672140960217583,pre_puberty, ,398,17.570143673734005,,"['Polychaete Worm', 'Crab (Other Species)', 'Snail', 'Hermit Crab']",8,Crab moving quickly across rocks.
398,15,3.9913770156594373,4,A farensis,,True,3.387409160988075,pre_puberty,male,399,18.000000810453763,,"['Snail', 'Sea Star']",6,Vibrating antennae in water currents.
