species,sex,stage,species_name,is_gravid?,behavior,associated_species,depth [m],cl [cm],cw [cm],lcl [cm],rcl [cm],fw [cm],date,latitude,longitude,id
,female,pre_puberty,A farensis,False,Swimming short distance to escape.,"['Polychaete Worm', 'Sea Sponge', 'Mussel', 'Jellyfish']",6.0,1.5277517259653062,1.3484936849768652,1.9845285274743958,1.5789750290695452,2.4545454545454546,2021-11-10,37.1,-8.62,0
,female,juvenile,A. Farensis,False,Social contact with other crabs.,['Shrimp'],8.0,1.0808023344553241,0.802972578334007,0.9854735638624863,1.1249925129877216,2.3636363636363638,2021-11-10,,,1
,male,adult,A. Farensis,,Pausing frequently during exploration.,"['Coral Fragment', 'Mussel', 'Sea Sponge', 'Polychaete Worm', 'Snail']",6.0,3.8181818181818183,3.8836050438501717,5.494555752802195,4.170549635293325,2.3636363636363638,2021-11-10,,,2
,female,sub_adult,A farensis,False,Retreating quickly from shadow.,"['Sea Anemone', 'Mussel', 'Algae', 'Sea Star']",5.0,2.868814694934875,3.773713379223693,4.8212087073334535,2.8721676670205514,2.4545454545454546,2021-11-10,,,3
,-,juvenile,Ucides alvorensis,,Climbing algae-covered rocks.,"['Snail', 'Crab (Other Species)', 'Sea Urchin', 'Jellyfish']",4.0,1.5,1.3525679739332295,1.9610089789311778,1.6491857063812538,2.4545454545454546,2021-11-10,,,4
,male,adult,u. olhanen.,,Climbing vertical rock face.,"['Sea Anemone', 'Barnacle', 'Algae', 'Sea Star']",6.0,3.9545454545454546,3.60789528585716,4.356198813200299,4.287824681341267,2.4545454545454546,2021-11-10,,,5
,male,sub_adult,A farensis,,Hiding beneath rocks.,"['Sea Sponge', 'Small Fish']",4.0,3.522727272727273,2.8866806378026,3.928506369353582,3.628657331712138,2.272727272727273,2021-11-10,,,6
,female,adult,A. Farensis,False,Waving claws rhythmically.,"['Crab (Other Species)', 'Sea Star', 'Algae']",5.0,2.7448702813680135,3.1202943040365225,3.9009182444997537,2.8178418558530254,2.5454545454545454,2021-11-10,,,7
,female,adult,U. olhanensis,False,Feeding on detritus in shallow water.,"['Sea Urchin', 'Crab (Other Species)', 'Sea Star']",6.0,3.610740897836026,3.2680904567393365,4.068940030997229,3.9103658459234336,2.272727272727273,2021-11-10,,,8
,female,juvenile,A. Farensis,False,Dragging shell fragment backward.,"['Algae', 'Polychaete Worm']",6.0,2.1046844600647256,2.1851602486246655,2.9928563113902795,2.1051192518850628,2.5454545454545454,2021-11-10,,,9
,female,sub_adult,U. olhanensis,True,Moving in groups.,"['Sea Star', 'Sea Sponge']",4.0,2.3694144198995843,2.882154921191519,3.7524209850021504,2.423377773027331,2.3636363636363638,2021-11-10,,,10
,female,adult,A. Farensis,False,Climbing barnacle-covered surfaces.,['Crab (Other Species)'],10.0,3.541635761864777,3.7348274291768657,4.877024042379189,3.73418007969285,2.3636363636363638,2021-11-10,,,11
,female,adult,u. olhanen.,False,Exchanging antenna taps.,"['Small Fish', 'Barnacle', 'Polychaete Worm', 'Shrimp']",5.0,6.103674612800984,5.884116852931061,8.679114896135813,6.24087819078178,2.4545454545454546,2021-11-10,,,12
,male,adult,A farensis,,Crab moving quickly across rocks.,"['Hermit Crab', 'Sea Sponge', 'Snail', 'Jellyfish', 'Coral Fragment']",8.0,2.8636363636363638,2.6276414799134153,3.7884959375912532,3.036576880275191,2.4545454545454546,2021-11-10,,,13
,male,sub_adult,Ucides alvorensis,,Inspecting discarded crab shell.,"['Jellyfish', 'Sea Urchin']",5.0,7.840909090909091,6.525788395332194,9.594745674011953,8.348419159690156,2.4545454545454546,2021-11-10,,,14
,female,pre_puberty,U. olhanensis,False,Exploring new territory.,"['Small Fish', 'Jellyfish', 'Coral Fragment']",6.0,1.656821491947087,1.467870187228835,1.9970010365195625,1.7923522646312484,2.4545454545454546,2021-11-10,,,15
,female,juvenile,u. olhanen.,False,Mating behavior with antenna touching.,['Snail'],6.0,0.8606032028904091,0.5120089125825789,0.7637217850304494,0.8716298942330358,2.4545454545454546,2021-11-10,,,16
,female,sub_adult,U. olhanensis,False,Climbing submerged rocks.,"['Sea Anemone', 'Sea Sponge', 'Small Fish', 'Shrimp']",8.0,2.4952227747532914,2.688799540821724,3.730045459395103,2.604353842026152,2.4545454545454546,2021-11-10,,,17
,female,pre_puberty,A farensis,False,Climbing seaweed stalks.,"['Small Fish', 'Polychaete Worm']",5.0,0.9683756764349695,0.7555814770359376,1.1003355677560485,1.0570037028970873,2.4545454545454546,2021-11-10,,,18
,male,adult,u. olhanen.,,Territorial display against intruder.,['Sea Urchin'],5.0,3.0,3.2763307386953002,4.732358842791783,3.0538191069185747,2.4545454545454546,2021-11-10,,,19
,male,pre_puberty,A farensis,True,Hiding in sandy burrow.,"['Algae', 'Mussel', 'Small Fish', 'Shrimp', 'Sea Urchin']",4.0,1.0909090909090908,1.3303941176301683,1.9477227785628477,1.1121006063719314,2.4545454545454546,2021-11-10,,,20
,female,sub_adult,A farensis,False,Guarding eggs under abdominal flap.,"['Sea Anemone', 'Shrimp', 'Sea Urchin', 'Small Fish', 'Hermit Crab']",9.0,5.159678221131764,5.501691251328612,7.7862031574809665,5.327260410327358,2.3636363636363638,2021-11-10,,,21
,female,adult,U. olhanensis,False,Escaping predator silhouette overhead.,"['Polychaete Worm', 'Snail', 'Shrimp', 'Sea Sponge']",5.0,1.8513746415194654,1.9861857053236827,2.676857796634381,1.9569553983712582,2.5454545454545454,2021-11-10,,,22
,male,sub_adult,A farensis,,Resting under shell fragment.,"['Snail', 'Sea Sponge', 'Coral Fragment', 'Shrimp']",5.0,3.977272727272727,3.9974726478332627,5.000476705102016,4.231407025516763,2.5454545454545454,2021-11-10,,,23
,N/R,pre_puberty,A farensis,,Moving toward warmer water pockets.,['Mussel'],7.0,1.2954545454545454,1.553790544240733,2.1033285914896056,1.4181753558896604,2.4545454545454546,2021-11-10,,,24
,female,juvenile,u. olhanen.,False,Interaction with hermit crabs.,"['Polychaete Worm', 'Snail', 'Sea Anemone', 'Small Fish', 'Sea Star']",7.0,1.1284596959134048,1.2387418043868448,1.7953424922090329,1.1667145408147415,2.4545454545454546,2021-11-10,,,25
,female,sub_adult,U. olhanensis,False,Interaction with hermit crabs.,"['Sea Urchin', 'Coral Fragment', 'Sea Anemone']",10.0,1.7704880639478353,1.8559554113275674,2.271661508234082,1.9002823536025188,2.3636363636363638,2021-11-10,,,26
,male,pre_puberty,u. olhanen.,,Climbing vertical rock face.,"['Snail', 'Coral Fragment', 'Polychaete Worm', 'Jellyfish']",5.0,2.522727272727273,2.435267761636923,3.326986087969446,2.598476691537128,2.4545454545454546,2021-11-10,,,27
,male,sub_adult,A farensis,,Territorial display against intruder.,"['Snail', 'Mussel', 'Shrimp', 'Hermit Crab']",5.0,0.5681818181818182,0.49816445617435795,0.7380428621267373,0.5698700144659887,2.3636363636363638,2021-11-10,,,28
,male,juvenile,u. olhanen.,,Displaying dominance by lifting body.,"['Crab (Other Species)', 'Sea Sponge', 'Mussel', 'Jellyfish']",5.0,0.8181818181818182,0.9345921825455181,1.3667500309281317,0.8426646739992265,2.5454545454545454,2021-11-10,,,29
,female,sub_adult,Ucides alvorensis,False,Interacting with small fish nearby.,"['Barnacle', 'Algae', 'Snail', 'Shrimp', 'Sea Sponge']",6.0,1.6044737228850798,2.0140096332809287,2.534240205908667,1.742241575639192,2.272727272727273,2021-11-10,,,30
,male,sub_adult,u. olhanen.,,Struggling with entangled seaweed.,['Coral Fragment'],7.0,1.8181818181818181,1.7200475533748198,2.114785752493224,1.9601170674582056,2.4545454545454546,2021-11-10,,,31
, ,sub_adult,U. olhanensis,,Sitting still blending with environment.,"['Algae', 'Polychaete Worm']",5.0,2.840909090909091,2.8410419682140673,4.018293886356828,2.99215409715196,2.727272727272727,2021-11-10,,,32
,male,sub_adult,U. olhanensis,,Guarding a small hole in sediment.,['Polychaete Worm'],3.0,6.136363636363637,5.606928822075785,7.8825963259990965,6.2074511357089985,2.5454545454545454,2021-11-10,,,33
,female,pre_puberty,U. olhanensis,False,Hiding under seagrass blades.,"['Hermit Crab', 'Sea Sponge', 'Polychaete Worm', 'Crab (Other Species)', 'Mussel']",8.0,2.1688841447321456,3.074913878507725,4.460608222662207,2.3251204330165205,2.5454545454545454,2021-11-10,,,34
,female,sub_adult,A farensis,False,Cleaning claws with rubbing motion.,"['Hermit Crab', 'Algae']",9.0,2.8129652521250494,3.409850288331304,4.913594184271484,2.865169446050052,2.3636363636363638,2021-11-10,,,35
,male,juvenile,Ucides alvorensis,,Searching for food in tidal pools.,"['Barnacle', 'Small Fish']",7.0,1.9545454545454546,1.2523475254478131,1.6025081763704032,1.965008302932658,2.4545454545454546,2021-11-10,,,36
,female,sub_adult,u. olhanen.,False,Feeding on small mollusks.,"['Polychaete Worm', 'Algae', 'Shrimp']",6.0,1.11544047989214,0.8352282242739382,1.1481123222341911,1.1947806081204513,2.3636363636363638,2021-11-10,,,37
,female,sub_adult,Ucides alvorensis,False,Claw snapping at diver.,['Crab (Other Species)'],6.0,3.2893654843378526,3.9142747257951416,5.6082958948781485,3.5657170591172243,2.6363636363636362,2021-11-10,,,38
,male,adult,A. Farensis,,Stillness in cold water.,"['Hermit Crab', 'Polychaete Worm']",8.0,5.181818181818182,5.520138899122938,7.581602589579088,5.5566198589489835,2.5454545454545454,2021-11-10,,,39
,female,adult,A farensis,False,Feeding on small mollusks.,"['Barnacle', 'Mussel', 'Polychaete Worm', 'Small Fish', 'Sea Urchin']",5.0,2.7092567476280887,2.80855832356624,4.0556766831673405,2.8502682227843064,2.5454545454545454,2021-11-10,,,40
,male,adult,A farensis,,Hiding under floating debris.,"['Coral Fragment', 'Polychaete Worm', 'Mussel']",6.0,2.4545454545454546,2.535617541270477,3.2928344471915234,2.5610076223560507,2.4545454545454546,2021-11-10,,,41
,male,adult,u. olhanen.,,Waving claws rhythmically.,"['Jellyfish', 'Barnacle', 'Sea Anemone', 'Small Fish']",6.0,1.7727272727272727,1.76954375877353,2.2705466167150847,1.8965925943397557,2.5454545454545454,2021-11-10,,,42
,male,adult,A farensis,,Sideways walking along bay edge.,"['Small Fish', 'Barnacle', 'Jellyfish', 'Coral Fragment', 'Sea Sponge']",7.0,5.181818181818182,5.1588234111922295,6.8452867263110075,5.375846857380025,2.4545454545454546,2021-11-10,,,43
,N/R,sub_adult,u. olhanen.,,Moving sideways along sandy bottom.,"['Sea Urchin', 'Snail']",9.0,0.9090909090909091,1.0754040181273354,1.4909634620461132,0.948982054833262,2.3636363636363638,2021-11-10,,,44
,male,juvenile,u. olhanen.,,Searching for food in tidal pools.,"['Hermit Crab', 'Sea Sponge']",9.0,1.3181818181818181,0.8673391817020705,1.2654389875728422,1.4010758918009167,2.6363636363636362,2021-11-10,,,45
,female,sub_adult,A. Farensis,False,Feeding on small crustaceans.,"['Small Fish', 'Sea Sponge', 'Algae', 'Shrimp']",6.0,2.6751679729739886,2.963491367952136,3.904720193140152,2.8236702869479773,2.3636363636363638,2021-11-10,,,46
,female,sub_adult,A farensis,False,Retreating quickly from shadow.,"['Crab (Other Species)', 'Jellyfish', 'Mussel', 'Sea Anemone', 'Shrimp']",7.0,5.930850023950828,5.820982908575368,8.382741676477027,6.377279465546158,2.5454545454545454,2021-11-10,,,47
,female,sub_adult,u. olhanen.,False,Interaction with hermit crabs.,"['Sea Urchin', 'Jellyfish', 'Crab (Other Species)']",6.0,1.4992445056552712,1.7496157468951565,2.5650275970473473,1.584585141078081,2.4545454545454546,2021-11-10,,,48
,male,sub_adult,u. olhanen.,,Inspecting discarded crab shell.,"['Jellyfish', 'Barnacle', 'Crab (Other Species)', 'Polychaete Worm', 'Small Fish']",6.0,2.159090909090909,2.515503746966861,3.428470457498165,2.354462355870884,2.5454545454545454,2021-11-10,,,49
,male,pre_puberty,u. olhanen.,True,Escaping from aggressive fish.,"['Coral Fragment', 'Hermit Crab', 'Jellyfish', 'Snail', 'Mussel']",4.0,1.5681818181818181,1.6682036426593394,2.134151000245033,1.5719348438256888,2.4545454545454546,2021-11-10,,,50
,female,pre_puberty,u. olhanen.,True,Mating behavior with antenna touching.,"['Mussel', 'Crab (Other Species)', 'Sea Star', 'Sea Anemone']",6.0,3.2746349928791756,3.660545742667436,5.15999875636202,3.443221447634063,2.4545454545454546,2021-11-10,,,51
,male,pre_puberty,U. olhanensis,,Shaking claws after contact.,"['Crab (Other Species)', 'Shrimp', 'Jellyfish', 'Hermit Crab']",5.0,1.2954545454545454,1.1839085215724738,1.7103283544637768,1.3856147334483324,2.3636363636363638,2021-11-10,,,52
,female,adult,U. olhanensis,False,Pausing frequently during exploration.,"['Barnacle', 'Snail', 'Hermit Crab', 'Sea Sponge']",8.0,4.244056090411352,4.520563737153447,6.221946261309935,4.397025515044696,2.3636363636363638,2021-11-10,,,53
,female,sub_adult,u. olhanen.,True,Resting under shell fragment.,['Polychaete Worm'],8.0,2.883937157172282,3.190051885127592,4.060843499529491,2.9935956154128998,2.5454545454545454,2021-11-10,,,54
,male,pre_puberty,U. olhanensis,,Pausing frequently during exploration.,"['Shrimp', 'Snail', 'Mussel', 'Sea Urchin', 'Sea Star']",3.0,1.5,1.1223074872124459,1.5265566111632014,1.648083538325581,2.4545454545454546,2021-11-10,,,55
,male,adult,A farensis,,Stillness in cold water.,['Small Fish'],2.0,3.8181818181818183,3.479118882612839,5.198266961260548,4.1273501752554775,2.4545454545454546,2021-11-10,,,56
,male,sub_adult,A. Farensis,,Crab moving quickly across rocks.,['Coral Fragment'],4.0,6.0227272727272725,5.656237479308237,7.329750494249904,6.039824469322678,2.3636363636363638,2021-11-10,,,57
,male,pre_puberty,u. olhanen.,,Scavenging near tidal pools.,"['Coral Fragment', 'Sea Anemone']",5.0,2.4545454545454546,1.9830423362440983,2.4534422169816925,2.696185273500856,2.4545454545454546,2021-11-10,,,58
, ,adult,Ucides alvorensis,,Cleaning claws with rubbing motion.,"['Jellyfish', 'Mussel', 'Polychaete Worm', 'Sea Star']",8.0,3.8181818181818183,4.150144243237037,5.836279795446114,3.826588544139158,2.6363636363636362,2021-11-10,,,59
,N/R,pre_puberty,Ucides alvorensis,True,Foraging among seagrass roots.,"['Snail', 'Crab (Other Species)']",4.0,2.522727272727273,2.68031536797208,3.5582162436710565,2.7369506340787044,2.3636363636363638,2021-11-10,,,60
,female,adult,A farensis,False,Climbing barnacle-covered surfaces.,"['Shrimp', 'Snail', 'Algae', 'Small Fish']",9.0,4.38143631459237,4.530283325147178,5.484931082832839,4.507693874742007,2.4545454545454546,2021-11-10,,,61
,female,pre_puberty,u. olhanen.,False,Camouflaging with surrounding mud.,"['Coral Fragment', 'Small Fish', 'Crab (Other Species)', 'Hermit Crab', 'Algae']",6.0,0.5207934016386789,0.6814128268418209,0.8541928638777511,0.5460473854000336,2.6363636363636362,2021-11-10,,,62
,-,adult,A farensis,,Territorial display against intruder.,"['Barnacle', 'Sea Star', 'Hermit Crab', 'Small Fish']",8.0,3.5454545454545454,3.3240670948634943,4.981007800180155,3.8362451566165916,2.4545454545454546,2021-11-10,,,63
,female,pre_puberty,u. olhanen.,True,Vibrating antennae in water currents.,"['Polychaete Worm', 'Shrimp', 'Hermit Crab', 'Crab (Other Species)', 'Small Fish']",7.0,0.8300391170188969,0.7059393459068484,0.9709295337239001,0.8519477589008894,2.5454545454545454,2021-11-10,,,64
,female,pre_puberty,A farensis,False,Feeding on algae scraped from rocks.,"['Shrimp', 'Small Fish']",4.0,1.3094281065752453,1.3037140985355555,1.7019631572907128,1.4006224132456218,2.4545454545454546,2021-11-10,,,65
,male,juvenile,u. olhanen.,,Climbing seaweed stalks.,"['Sea Anemone', 'Hermit Crab']",5.0,2.227272727272727,1.5774712905599133,2.0831929893843872,2.344269747631712,2.4545454545454546,2021-11-10,,,66
,male,adult,u. olhanen.,,Guarding eggs under abdominal flap.,"['Sea Sponge', 'Sea Star', 'Crab (Other Species)']",4.0,3.9545454545454546,3.9612193095383876,5.397639087736556,4.26154897847604,2.5454545454545454,2021-11-10,,,67
,female,adult,U. olhanensis,False,Picking biofilm on submerged wood.,"['Small Fish', 'Sea Urchin', 'Jellyfish', 'Hermit Crab']",5.0,1.8322227883701196,1.802425143963726,2.2315967091149806,1.974268439528192,2.4545454545454546,2021-11-10,,,68
,female,adult,A farensis,False,Half buried in sand.,"['Polychaete Worm', 'Sea Star', 'Coral Fragment', 'Sea Sponge']",7.0,5.1640383567687635,5.815186595840977,8.330586160603154,5.387877941888203,2.5454545454545454,2021-11-10,,,69
,male,juvenile,U. olhanensis,True,Resting under shell fragment.,"['Jellyfish', 'Algae']",7.0,1.0909090909090908,1.1835974223798411,1.43476742299051,1.1836636145584045,2.272727272727273,2021-11-10,,,70
,-,juvenile,Ucides alvorensis,,Stillness in cold water.,['Sea Sponge'],3.0,0.5454545454545454,0.6836420337680319,0.9393881540095875,0.5912254797302964,2.4545454545454546,2021-11-10,,,71
,female,pre_puberty,U. olhanensis,False,Burrowing into sandy sediment.,"['Crab (Other Species)', 'Mussel', 'Algae', 'Sea Star', 'Shrimp']",3.0,1.6892855577565788,1.1115909019208092,1.6239636884773099,1.7354068241313414,2.4545454545454546,2021-11-10,,,72
,female,sub_adult,U. olhanensis,False,Exchanging antenna taps.,['Coral Fragment'],4.0,3.6318608009195046,4.449982548610023,5.652278540803644,3.692900406713891,2.272727272727273,2021-11-10,,,73
,male,sub_adult,U. olhanensis,,Shaking claws after contact.,"['Coral Fragment', 'Sea Sponge', 'Barnacle', 'Jellyfish', 'Hermit Crab']",7.0,3.0681818181818183,2.8513326630820877,3.623200648875852,3.221696301932201,2.5454545454545454,2021-11-10,,,74
,male,sub_adult,U. olhanensis,,Moving toward warmer water pockets.,['Sea Star'],4.0,3.6363636363636362,3.718303580849063,5.011183199493339,3.6452486933694215,2.4545454545454546,2021-11-10,,,75
, ,adult,U. olhanensis,,Mating behavior with antenna touching.,"['Polychaete Worm', 'Coral Fragment', 'Hermit Crab']",6.0,1.9090909090909092,1.7866993632417596,2.482121547347685,1.917589836412852,2.5454545454545454,2021-11-10,,,76
,female,sub_adult,Ucides alvorensis,False,Retreating into burrow.,"['Mussel', 'Hermit Crab']",4.0,3.4297545552116238,3.2315432200754866,4.085423230265548,3.7197878502494306,2.4545454545454546,2021-11-10,,,77
,male,sub_adult,u. olhanen.,,Stillness in cold water.,"['Barnacle', 'Crab (Other Species)', 'Sea Urchin', 'Snail']",8.0,2.0454545454545454,1.947414964012392,2.6863318781584273,2.249462272271091,2.3636363636363638,2021-11-10,,,78
,female,pre_puberty,U. olhanensis,False,Struggling with entangled seaweed.,"['Coral Fragment', 'Jellyfish', 'Sea Urchin']",6.0,1.5120021299038058,1.9030969393156683,2.8358335642145516,1.5123519238411278,2.3636363636363638,2021-11-10,,,79
,female,adult,u. olhanen.,False,Sideways walking along bay edge.,"['Small Fish', 'Jellyfish']",7.0,2.7818895277981865,2.9564234453225278,4.379224541640261,2.985426942045198,2.5454545454545454,2021-11-10,,,80
,female,juvenile,U. olhanensis,False,Territorial display against intruder.,"['Crab (Other Species)', 'Jellyfish', 'Sea Sponge', 'Hermit Crab', 'Barnacle']",6.0,1.0750031616234792,0.7602697054695178,1.1096432962401066,1.1180358997032966,2.4545454545454546,2021-11-10,,,81
,female,adult,U. olhanensis,True,Retreating into burrow.,"['Mussel', 'Coral Fragment', 'Sea Anemone']",11.0,4.002353404904976,4.563333803796185,5.484680094107297,4.090352607395515,2.3636363636363638,2021-11-10,,,82
,female,adult,A. Farensis,False,Feeding on detritus in shallow water.,"['Sea Sponge', 'Crab (Other Species)', 'Shrimp', 'Snail', 'Small Fish']",3.0,1.470087244409452,1.475623225576119,1.9092972795368615,1.5318880040810428,2.3636363636363638,2021-11-10,,,83
,female,adult,A. Farensis,False,Climbing vertical rock face.,"['Snail', 'Shrimp']",4.0,3.5924345404914715,3.4308616473607616,4.953986090960765,3.7958241104113197,2.4545454545454546,2021-11-10,,,84
,male,sub_adult,u. olhanen.,,Color changes during molting.,"['Sea Sponge', 'Barnacle']",8.0,3.6363636363636362,3.8746270987744356,5.541411162840453,3.949373175654833,2.4545454545454546,2021-11-10,,,85
,female,adult,U. olhanensis,False,Searching for food in tidal pools.,"['Shrimp', 'Barnacle']",8.0,6.446166249836813,5.4270712295904495,6.7622110918983,6.753708632280913,2.4545454545454546,2021-11-10,,,86
,male or female,juvenile,u. olhanen.,,Hiding under floating debris.,['Hermit Crab'],6.0,1.0,0.8390703671386602,1.0288984383767916,1.0186946282540614,2.272727272727273,2021-11-10,,,87
,male,pre_puberty,A. Farensis,,Crab moving quickly across rocks.,"['Jellyfish', 'Polychaete Worm']",8.0,0.8863636363636364,0.7400878829725617,0.9573273669112932,0.9662108771132002,2.3636363636363638,2021-11-10,,,88
,female,adult,U. olhanensis,True,Stillness in cold water.,"['Sea Sponge', 'Hermit Crab']",9.0,2.956384479780094,3.2580278110494376,4.634827200802435,3.14124704872104,2.4545454545454546,2021-11-10,,,89
,female,adult,u. olhanen.,True,Rapid crossing of open sand.,"['Sea Urchin', 'Algae', 'Barnacle', 'Sea Star']",9.0,3.417409821132944,3.201871177916448,4.137562498275232,3.7179117987565635,2.6363636363636362,2021-11-10,,,90
,female,sub_adult,Ucides alvorensis,False,Camouflaging with surrounding mud.,"['Sea Anemone', 'Hermit Crab']",8.0,1.2245535983544509,1.1193572779251755,1.6233121500245387,1.2447919738212603,2.3636363636363638,2021-11-10,,,91
,female,pre_puberty,A farensis,False,Cleaning claws with rubbing motion.,"['Barnacle', 'Snail', 'Jellyfish', 'Polychaete Worm', 'Sea Sponge']",5.0,1.9928476613776396,1.690027795062113,2.4348793126034054,2.011926491648408,2.272727272727273,2021-11-10,,,92
,male,sub_adult,u. olhanen.,,Climbing submerged rocks.,"['Sea Anemone', 'Jellyfish', 'Algae', 'Snail', 'Hermit Crab']",7.0,5.568181818181818,6.162956797379784,7.550891634468751,6.03241352078514,2.3636363636363638,2021-11-10,,,93
,male,juvenile,A farensis,,Picking biofilm on submerged wood.,['Sea Anemone'],5.0,0.5909090909090909,0.539619147086954,0.6681413224992497,0.6498680017241871,2.5454545454545454,2021-11-10,,,94
,male or female,juvenile,Ucides alvorensis,,Sitting still blending with environment.,['Barnacle'],6.0,1.1818181818181819,0.7476622393637382,0.9297996711692925,1.2008593474455258,2.5454545454545454,2021-11-10,,,95
,male,juvenile,A farensis,,Picking biofilm on submerged wood.,"['Crab (Other Species)', 'Barnacle', 'Jellyfish', 'Mussel', 'Hermit Crab']",6.0,1.0454545454545454,1.1632196471237621,1.549583401446358,1.114033986166075,2.4545454545454546,2021-11-10,,,96
,male,sub_adult,A. Farensis,,Struggling with entangled seaweed.,"['Sea Sponge', 'Snail', 'Shrimp', 'Jellyfish', 'Crab (Other Species)']",6.0,3.2954545454545454,2.693019120810329,3.4268946495368584,3.455178745685828,2.3636363636363638,2021-11-10,,,97
,male,pre_puberty,A. Farensis,,Sitting still blending with environment.,"['Shrimp', 'Small Fish', 'Polychaete Worm', 'Mussel']",7.0,0.8863636363636364,0.9572733728115843,1.1505161764845762,0.9337584490999902,2.5454545454545454,2021-11-10,,,98
,male,pre_puberty,A. Farensis,,Escaping from aggressive fish.,"['Barnacle', 'Algae', 'Hermit Crab', 'Polychaete Worm']",7.0,1.5681818181818181,1.8181646919339,2.548020154159498,1.6619301913113913,2.3636363636363638,2021-11-10,,,99
,female,adult,U. olhanensis,False,Camouflaging with surrounding mud.,['Sea Sponge'],8.0,2.673679639803929,2.8132582082577304,4.032246776811937,2.819641472428599,2.3636363636363638,2021-11-10,,,100
,male,adult,A farensis,,Scavenging near tidal pools.,"['Crab (Other Species)', 'Small Fish', 'Snail']",5.0,2.3181818181818183,2.1571488433675303,2.8348464290273,2.4528673357215958,2.4545454545454546,2021-11-10,,,101
,female,pre_puberty,A farensis,False,Feeding on small mollusks.,"['Sea Urchin', 'Small Fish']",10.0,1.078321596779264,1.2343876191070882,1.8498483681102629,1.1825661953840496,2.5454545454545454,2021-11-10,,,102
,male,pre_puberty,u. olhanen.,,Guarding eggs under abdominal flap.,['Sea Urchin'],4.0,1.0909090909090908,1.1133613067781751,1.498175525038716,1.1119665790152315,2.4545454545454546,2021-11-10,,,103
,male,juvenile,u. olhanen.,,Territorial display against intruder.,"['Algae', 'Small Fish']",3.0,1.0454545454545454,1.056170500688069,1.5448723670968834,1.0578830301167594,2.272727272727273,2021-11-10,,,104
,male,pre_puberty,U. olhanensis,,Guarding eggs under abdominal flap.,"['Sea Urchin', 'Coral Fragment']",4.0,3.0,3.5857713127809077,5.082016879907868,3.292134811332735,2.3636363636363638,2021-11-10,,,105
,male,pre_puberty,A farensis,,Pausing frequently during exploration.,"['Snail', 'Sea Star', 'Hermit Crab']",5.0,1.9090909090909092,1.9505891373614817,2.3880616470782554,2.093569332175635,2.3636363636363638,2021-11-10,,,106
,male,pre_puberty,U. olhanensis,,Using claws to dig into sediment.,"['Snail', 'Sea Anemone', 'Small Fish']",7.0,2.7954545454545454,3.26231402041156,3.9389882626206885,3.036823415494083,2.4545454545454546,2021-11-10,,,107
,female,sub_adult,A farensis,False,Swimming short distance to escape.,"['Sea Anemone', 'Algae', 'Barnacle']",8.0,1.613249709387212,1.325126928292438,1.6309093940806922,1.6540431168752008,2.5454545454545454,2021-11-10,,,108
,female,adult,A. Farensis,False,Picking biofilm on submerged wood.,['Small Fish'],7.0,4.239820199403893,4.085943687993535,6.050693941880798,4.497846359136028,2.5454545454545454,2021-11-10,,,109
,male,adult,U. olhanensis,True,Emerging cautiously from hiding.,"['Polychaete Worm', 'Shrimp', 'Crab (Other Species)', 'Sea Urchin', 'Algae']",9.0,6.681818181818182,6.058678355309191,7.534485872112294,6.930108865790462,2.5454545454545454,2021-11-10,,,110
,male,juvenile,U. olhanensis,,Rapid crossing of open sand.,"['Algae', 'Mussel', 'Small Fish']",3.0,1.0909090909090908,1.3914864707676868,2.08721012032666,1.1082643127161809,2.3636363636363638,2021-11-10,,,111
,male,adult,A. Farensis,,Searching for mates at twilight.,"['Mussel', 'Polychaete Worm', 'Coral Fragment']",6.0,6.136363636363637,6.077102935042583,7.469213114367411,6.385708240304245,2.4545454545454546,2021-11-10,,,112
,male,pre_puberty,A farensis,,Picking biofilm on submerged wood.,"['Sea Sponge', 'Hermit Crab', 'Snail', 'Polychaete Worm', 'Sea Anemone']",8.0,1.9772727272727273,1.6519397668053601,1.9832811079300539,2.1216843477850253,2.4545454545454546,2021-11-10,,,113
,female,adult,U. olhanensis,True,Searching for mates at twilight.,"['Sea Star', 'Algae']",6.0,5.845660602671046,5.192944920586317,6.9562257499434,5.999195472110196,2.3636363636363638,2021-11-10,,,114
,female,pre_puberty,u. olhanen.,False,Burrowing into sandy sediment.,['Shrimp'],7.0,2.769954563899667,3.027038991891483,3.6941679292474707,2.8628488886614973,2.3636363636363638,2021-11-10,,,115
,male,sub_adult,u. olhanen.,,Rapid claw movement while feeding.,"['Snail', 'Sea Star', 'Hermit Crab', 'Jellyfish', 'Barnacle']",5.0,3.409090909090909,3.591411474949761,5.221853859303455,3.486855924322293,2.4545454545454546,2021-11-10,,,116
,male,pre_puberty,u. olhanen.,,Interacting with small fish nearby.,"['Small Fish', 'Crab (Other Species)']",5.0,0.9545454545454546,0.7214024741395436,0.9724932920242373,0.9593854084235929,2.3636363636363638,2021-11-10,,,117
,male or female,adult,A. Farensis,,Social contact with other crabs.,"['Polychaete Worm', 'Shrimp', 'Sea Star', 'Sea Sponge', 'Sea Urchin']",6.0,8.045454545454545,8.075040223271614,10.935585017018303,8.600129268195763,2.5454545454545454,2021-11-10,,,118
,male or female,sub_adult,A. Farensis,,Camouflaging with surrounding mud.,"['Snail', 'Crab (Other Species)', 'Sea Anemone', 'Barnacle']",9.0,5.0,4.9148464594898025,6.736770533440509,5.166423250079618,2.4545454545454546,2021-11-10,,,119
,male,pre_puberty,A. Farensis,True,Slow movement near seagrass patches.,"['Polychaete Worm', 'Hermit Crab', 'Sea Star', 'Coral Fragment', 'Small Fish']",4.0,2.1136363636363638,1.616009205312691,2.346948887620181,2.3204821988854083,2.272727272727273,2021-11-10,,,120
,female,adult,U. olhanensis,False,Climbing algae-covered rocks.,"['Sea Star', 'Sea Urchin', 'Crab (Other Species)', 'Sea Sponge']",7.0,6.041965288525103,7.1125963919116995,8.957134607166108,6.556391851254995,2.3636363636363638,2021-11-10,,,121
,male,pre_puberty,u. olhanen.,,Climbing submerged rocks.,"['Crab (Other Species)', 'Sea Sponge', 'Sea Anemone', 'Algae']",8.0,1.9090909090909092,2.081544132161912,2.957520322683983,2.018619655412635,2.3636363636363638,2021-11-10,,,122
,female,juvenile,A farensis,False,Slow movement near seagrass patches.,"['Sea Anemone', 'Hermit Crab', 'Sea Sponge']",9.0,0.868109189531945,0.872123467500871,1.2073355241672423,0.9018267729219059,2.4545454545454546,2021-11-10,,,123
,female,juvenile,u. olhanen.,False,Hiding under seagrass blades.,"['Barnacle', 'Sea Urchin', 'Sea Star']",7.0,1.1148652509037738,1.3846807841144917,2.0490462287964033,1.116811615575414,2.4545454545454546,2021-11-10,,,124
,female,pre_puberty,u. olhanen.,True,Hiding beneath rocks.,"['Sea Sponge', 'Shrimp', 'Mussel']",4.0,0.892345802441302,0.9683223127931594,1.1919332249226124,0.8924692050784891,2.4545454545454546,2021-11-10,,,125
,male,pre_puberty,A farensis,,Crab moving quickly across rocks.,"['Sea Star', 'Algae', 'Polychaete Worm', 'Coral Fragment']",5.0,1.7727272727272727,1.9416868887958152,2.7252505826272455,1.8086684930833086,2.272727272727273,2021-11-10,,,126
,male,pre_puberty,u. olhanen.,,Camouflaging with surrounding mud.,"['Coral Fragment', 'Hermit Crab', 'Crab (Other Species)']",3.0,2.1818181818181817,2.5194948142197435,3.2909958553944416,2.3071312623657962,2.3636363636363638,2021-11-10,,,127
,male,adult,U. olhanensis,,Feeding on small mollusks.,"['Hermit Crab', 'Shrimp', 'Sea Sponge', 'Barnacle', 'Snail']",6.0,7.2272727272727275,7.86945679728433,10.035465392495299,7.849513646400544,2.4545454545454546,2021-11-10,,,128
,male,sub_adult,U. olhanensis,,Slow movement near seagrass patches.,"['Sea Sponge', 'Sea Star', 'Sea Urchin', 'Snail', 'Polychaete Worm']",9.0,0.5681818181818182,0.4783091072562684,0.6909314353613305,0.5788350831604231,2.5454545454545454,2021-11-10,,,129
,male,sub_adult,u. olhanen.,True,Struggling with entangled seaweed.,"['Sea Anemone', 'Coral Fragment', 'Polychaete Worm', 'Shrimp', 'Algae']",11.0,2.5,2.0295000199696727,2.4714502875545654,2.6040898877705487,2.4545454545454546,2021-11-10,,,130
,female,adult,Ucides alvorensis,False,Sitting still blending with environment.,['Small Fish'],9.0,1.2128448440835546,1.0479442578762743,1.3607025626082156,1.2926463183038297,2.4545454545454546,2021-11-10,,,131
,female,sub_adult,u. olhanen.,False,Feeding on detritus in shallow water.,"['Snail', 'Sea Star', 'Polychaete Worm', 'Sea Urchin', 'Sea Sponge']",9.0,2.732892160346798,3.7549172170598553,4.856239206916809,2.791955480831108,2.4545454545454546,2021-11-10,,,132
,female,pre_puberty,u. olhanen.,False,Guarding eggs under abdominal flap.,['Sea Urchin'],11.0,2.573116718661829,2.514862773868834,3.519613242657534,2.8184011792618424,2.3636363636363638,2021-11-10,,,133
,nan,adult,U. olhanensis,,Retreating quickly from shadow.,"['Mussel', 'Polychaete Worm', 'Snail', 'Small Fish', 'Coral Fragment']",6.0,4.909090909090909,4.718146941074988,5.915541371890961,5.275390381821367,2.4545454545454546,2021-11-10,,,134
,male,pre_puberty,Ucides alvorensis,,Struggling with entangled seaweed.,"['Sea Sponge', 'Sea Urchin', 'Algae']",6.0,1.3636363636363635,1.1299630115017656,1.4448932232251066,1.4653740319341166,2.4545454545454546,2021-11-10,,,135
,male,adult,u. olhanen.,,Climbing vertical rock face.,"['Barnacle', 'Sea Star', 'Jellyfish', 'Polychaete Worm', 'Mussel']",6.0,7.636363636363637,8.115543955623243,12.088316478819712,8.16787265688009,2.6363636363636362,2021-11-10,,,136
,male,juvenile,U. olhanensis,,Picking algae from rock surface.,"['Barnacle', 'Sea Anemone']",7.0,1.1363636363636365,1.340641885302526,1.9509194394793574,1.206416998508651,2.4545454545454546,2021-11-10,,,137
,female,adult,u. olhanen.,False,Feeding on detritus in shallow water.,"['Sea Anemone', 'Shrimp', 'Small Fish']",5.0,1.4546859654324598,1.6179668325977927,2.2830054048503334,1.5535437071612386,2.5454545454545454,2021-11-10,,,138
,male,pre_puberty,A. Farensis,,Hiding under floating debris.,"['Hermit Crab', 'Snail', 'Sea Urchin', 'Small Fish']",4.0,2.25,2.269140972756172,3.07826301679204,2.278597876286968,2.5454545454545454,2021-11-10,,,139
,female,juvenile,A. Farensis,False,Guarding a small hole in sediment.,"['Jellyfish', 'Sea Sponge', 'Algae']",6.0,1.3598746675271043,1.199304088393211,1.767808298043679,1.453168913475844,2.5454545454545454,2021-11-10,,,140
,male,adult,u. olhanen.,,Cleaning claws with rubbing motion.,['Coral Fragment'],6.0,6.954545454545454,6.945809547349024,9.386702132814346,7.425937436702045,2.4545454545454546,2021-11-10,,,141
,male or female,adult,A farensis,,Swimming short distance to escape.,['Crab (Other Species)'],7.0,5.318181818181818,5.647189078725767,7.740996665765323,5.677414967960616,2.4545454545454546,2021-11-10,,,142
,female,pre_puberty,U. olhanensis,False,Retreating quickly from shadow.,"['Shrimp', 'Sea Star', 'Sea Urchin', 'Barnacle']",10.0,1.638731621515426,2.413796040314802,3.1278840100951184,1.7936539283899642,2.4545454545454546,2021-11-10,,,143
,male,juvenile,U. olhanensis,,Burrowing into sandy sediment.,"['Sea Sponge', 'Sea Star']",7.0,1.2272727272727273,0.932822616150728,1.2588583479040063,1.331171023624447,2.6363636363636362,2021-11-10,,,144
,male,sub_adult,A. Farensis,,Using claws to dig into sediment.,"['Sea Anemone', 'Sea Urchin']",2.0,4.318181818181818,4.908080651356151,7.011941139903171,4.344968125231672,2.5454545454545454,2021-11-10,,,145
,male,juvenile,u. olhanen.,,Waving claws rhythmically.,"['Sea Anemone', 'Sea Star', 'Coral Fragment']",5.0,1.1363636363636365,1.4487786146241046,1.9954625266866275,1.2291236935263323,2.5454545454545454,2021-11-10,,,146
,female,adult,U. olhanensis,False,Half buried in sand.,"['Sea Anemone', 'Crab (Other Species)', 'Coral Fragment']",10.0,4.083115827455149,4.001517151718942,5.735224060106967,4.4060420734991235,2.4545454545454546,2021-11-10,,,147
,male,sub_adult,A farensis,,Dragging shell fragment backward.,"['Sea Anemone', 'Shrimp', 'Small Fish', 'Coral Fragment']",9.0,1.8181818181818181,1.5720234590766422,1.905328526252466,1.8410017748680554,2.4545454545454546,2021-11-10,,,148
,male,sub_adult,Ucides alvorensis,,Picking biofilm on submerged wood.,['Sea Sponge'],10.0,5.454545454545454,5.858142810703933,7.631255942983308,5.507422394592302,2.5454545454545454,2021-11-10,,,149
,female,adult,Ucides alvorensis,False,Territorial display against intruder.,"['Algae', 'Sea Anemone']",5.0,3.171232936562426,3.393930367364149,4.108510006771059,3.4118551760665294,2.3636363636363638,2021-11-10,,,150
,nan,sub_adult,A. Farensis,,Social contact with other crabs.,"['Polychaete Worm', 'Snail', 'Sea Urchin', 'Small Fish']",7.0,2.9545454545454546,3.118278639313567,4.1102342750491285,3.094868450758526,2.5454545454545454,2021-11-10,,,151
,male,pre_puberty,U. olhanensis,,Guarding eggs under abdominal flap.,"['Shrimp', 'Sea Anemone', 'Sea Sponge', 'Jellyfish', 'Mussel']",9.0,2.522727272727273,2.8847273911439095,3.55087978356682,2.5942694032391644,2.4545454545454546,2021-11-10,,,152
,female,pre_puberty,A. Farensis,False,Crab moving quickly across rocks.,"['Shrimp', 'Algae', 'Barnacle', 'Crab (Other Species)', 'Snail']",7.0,1.2794331936986219,1.3220860836385657,1.7938063343204669,1.3603915876196098,2.3636363636363638,2021-11-10,,,153
,female,juvenile,A farensis,False,Territorial display against intruder.,"['Sea Sponge', 'Polychaete Worm', 'Shrimp', 'Barnacle']",3.0,0.9935648223499772,1.444253517186431,1.9857459578230554,1.0635762782285287,2.4545454545454546,2021-11-10,,,154
,male,juvenile,A. Farensis,,Dragging shell fragment backward.,"['Coral Fragment', 'Sea Anemone', 'Hermit Crab', 'Barnacle', 'Small Fish']",5.0,1.0,1.0879976045305275,1.4000860831305408,1.017142749461503,2.4545454545454546,2021-11-10,,,155
,male,adult,A. Farensis,,Resting under shell fragment.,"['Shrimp', 'Crab (Other Species)', 'Jellyfish', 'Sea Urchin']",10.0,5.7272727272727275,6.040311127254765,8.198621769005442,5.750390350639356,2.6363636363636362,2021-11-10,,,156
,female,sub_adult,u. olhanen.,False,Color changes during molting.,['Snail'],8.0,1.9987543456147143,1.5668380487526072,2.089429762774002,2.053176477271519,2.3636363636363638,2021-11-10,,,157
,female,adult,U. olhanensis,False,Resting in shaded rock crevice.,['Barnacle'],4.0,4.33616447582914,4.223011405849106,5.181027120809554,4.564289037751735,2.5454545454545454,2021-11-10,,,158
,male,adult,A. Farensis,,Moving sideways along sandy bottom.,"['Hermit Crab', 'Coral Fragment', 'Polychaete Worm', 'Sea Urchin']",7.0,4.090909090909091,4.0354966502167375,5.701566981061441,4.258070585304505,2.5454545454545454,2021-11-10,,,159
,male,sub_adult,U. olhanensis,True,Escaping from aggressive fish.,"['Snail', 'Hermit Crab', 'Polychaete Worm', 'Algae', 'Sea Urchin']",8.0,5.340909090909091,5.827052566822368,7.348166908989845,5.379656368565294,2.4545454545454546,2021-11-10,,,160
,male,adult,A. Farensis,,Climbing seaweed stalks.,"['Jellyfish', 'Mussel']",7.0,4.909090909090909,5.013147978636949,6.478826580500387,5.206713510261029,2.5454545454545454,2021-11-10,,,161
,male,sub_adult,U. olhanensis,,Defensive posture when approached.,"['Crab (Other Species)', 'Coral Fragment', 'Jellyfish', 'Sea Sponge', 'Shrimp']",9.0,3.522727272727273,2.8713176229258126,3.739395750120839,3.732183436950196,2.6363636363636362,2021-11-10,,,162
,male,adult,A farensis,,Dragging shell fragment backward.,"['Sea Urchin', 'Barnacle']",4.0,1.7727272727272727,1.7636342767585809,2.3907589915035135,1.8903099262845169,2.5454545454545454,2021-11-10,,,163
,male,adult,u. olhanen.,,Sideways walking along bay edge.,"['Crab (Other Species)', 'Hermit Crab', 'Algae']",5.0,3.8181818181818183,3.762575631088562,4.909007747948368,3.8252845035108014,2.3636363636363638,2021-11-10,,,164
,male,juvenile,U. olhanensis,,Searching for food in tidal pools.,['Polychaete Worm'],6.0,0.9545454545454546,1.1120367531798827,1.3834382389075353,1.0329564695943498,2.272727272727273,2021-11-10,,,165
,male,adult,u. olhanen.,,Hiding under seagrass blades.,"['Snail', 'Algae', 'Coral Fragment', 'Mussel', 'Crab (Other Species)']",7.0,4.5,4.428143249930445,5.923541033043136,4.738197683490705,2.4545454545454546,2021-11-10,,,166
,female,juvenile,A farensis,False,Exchanging antenna taps.,"['Algae', 'Snail', 'Jellyfish']",5.0,0.9883893323157342,0.6588761123391969,0.8936089074524358,1.044567820523861,2.5454545454545454,2021-11-10,,,167
,female,sub_adult,A farensis,False,Social contact with other crabs.,"['Sea Sponge', 'Coral Fragment', 'Snail', 'Small Fish', 'Shrimp']",7.0,3.4640937507910476,3.203745524459229,4.315909402089255,3.5241519440283695,2.4545454545454546,2021-11-10,,,168
,female,juvenile,u. olhanen.,False,Guarding eggs under abdominal flap.,"['Crab (Other Species)', 'Sea Anemone', 'Algae', 'Polychaete Worm']",5.0,1.1796094657116736,1.0078135446069558,1.2834822941740762,1.2577850979053293,2.4545454545454546,2021-11-10,,,169
,female,sub_adult,A farensis,False,Exploring new territory.,['Coral Fragment'],10.0,0.7795557103821324,0.758397095006223,0.9840484435966423,0.8251440667778808,2.4545454545454546,2021-11-10,,,170
,male,sub_adult,u. olhanen.,,Vibrating antennae in water currents.,"['Barnacle', 'Sea Sponge', 'Small Fish', 'Shrimp']",8.0,1.4772727272727273,1.262331577170484,1.5732441746090198,1.542366669645061,2.3636363636363638,2021-11-10,,,171
,female,sub_adult,A farensis,False,Searching for mates at twilight.,"['Sea Anemone', 'Small Fish']",7.0,2.0874457464177003,2.671368337670725,3.3026105192131756,2.2010867806086414,2.3636363636363638,2021-11-10,,,172
,male or female,adult,U. olhanensis,,Claw snapping in competition.,"['Sea Sponge', 'Sea Urchin', 'Hermit Crab', 'Jellyfish']",6.0,5.863636363636363,6.127888898278768,8.681223562608107,6.27120560084185,2.3636363636363638,2021-11-10,,,173
,female,adult,u. olhanen.,False,Rapid crossing of open sand.,"['Shrimp', 'Sea Sponge', 'Barnacle', 'Mussel']",5.0,4.771665709187356,4.897221545548396,6.571353765742969,5.106497779179197,2.3636363636363638,2021-11-10,,,174
,male,pre_puberty,u. olhanen.,,Defensive posture when approached.,['Sea Sponge'],8.0,1.9090909090909092,1.437220177693648,1.9902166328914013,1.9475368084147988,2.3636363636363638,2021-11-10,,,175
,female,adult,u. olhanen.,False,Struggling with entangled seaweed.,"['Hermit Crab', 'Polychaete Worm', 'Mussel', 'Shrimp']",5.0,4.470548366636883,4.546105916164131,6.202569482867398,4.636461897919755,2.4545454545454546,2021-11-10,,,176
,female,sub_adult,u. olhanen.,False,Using claws to dig into sediment.,"['Polychaete Worm', 'Mussel', 'Sea Urchin']",4.0,3.3360549964697013,3.592573988742201,4.639192348764113,3.64261759366146,2.4545454545454546,2021-11-10,,,177
,female,adult,U. olhanensis,False,Camouflaging with surrounding mud.,"['Algae', 'Snail']",5.0,3.7812495886424484,4.94922499736724,6.7967192874174325,4.088930589475055,2.3636363636363638,2021-11-10,,,178
,male,adult,U. olhanensis,,Exchanging antenna taps.,"['Hermit Crab', 'Sea Star']",5.0,4.7727272727272725,5.015274953147172,6.526512089475774,5.042043762750385,2.4545454545454546,2021-11-10,,,179
,male,sub_adult,A. Farensis,True,Inspecting discarded crab shell.,"['Mussel', 'Polychaete Worm', 'Hermit Crab']",4.0,5.113636363636363,4.508597326326785,5.598244933327897,5.3048747719071665,2.4545454545454546,2021-11-10,,,180
,female,pre_puberty,Ucides alvorensis,False,Interaction with hermit crabs.,['Hermit Crab'],7.0,0.883234820213141,0.7558449400940379,1.0349222365665613,0.9269455765593502,2.4545454545454546,2021-11-10,,,181
,female,adult,A farensis,False,Picking biofilm on submerged wood.,['Snail'],6.0,2.491137783801817,2.9335488314572773,4.1982797033662544,2.59054088995041,2.3636363636363638,2021-11-10,,,182
,male,juvenile,Ucides alvorensis,,Climbing submerged rocks.,"['Snail', 'Polychaete Worm', 'Algae', 'Shrimp', 'Sea Sponge']",6.0,1.2272727272727273,1.5672525198114615,2.093490167073077,1.28079896355757,2.3636363636363638,2021-11-10,,,183
,female,juvenile,u. olhanen.,False,Slow movement near seagrass patches.,"['Mussel', 'Small Fish', 'Jellyfish', 'Shrimp', 'Algae']",3.0,0.7658906263998394,0.9631622498789943,1.3259084038115747,0.7744128419042453,2.3636363636363638,2021-11-10,,,184
,male,adult,u. olhanen.,,Defensive posture when approached.,"['Polychaete Worm', 'Coral Fragment']",5.0,7.7727272727272725,7.479408339821315,10.06475376477997,7.813914926922123,2.3636363636363638,2021-11-10,,,185
,male,sub_adult,u. olhanen.,,Hiding in sandy burrow.,"['Polychaete Worm', 'Shrimp']",6.0,3.0681818181818183,3.5802028886933317,5.112500223828939,3.2078585073447456,2.4545454545454546,2021-11-10,,,186
,female,pre_puberty,A. Farensis,False,Territorial display against intruder.,"['Coral Fragment', 'Sea Anemone', 'Snail', 'Small Fish', 'Algae']",4.0,1.7694963405921245,1.8845391673686245,2.3344630255915266,1.92953467390247,2.5454545454545454,2021-11-10,,,187
,male,adult,A farensis,,Rapid claw movement while feeding.,['Small Fish'],7.0,1.7727272727272727,1.8138269193843812,2.677233496723611,1.887090895824805,2.5454545454545454,2021-11-10,,,188
,nan,adult,A. Farensis,,Hiding under seagrass blades.,['Sea Anemone'],6.0,6.954545454545454,6.374499980605585,7.763755989779231,7.545158475118338,2.5454545454545454,2021-11-10,,,189
,male,juvenile,Ucides alvorensis,True,Social contact with other crabs.,"['Snail', 'Sea Star', 'Shrimp']",7.0,2.227272727272727,2.8637514091610146,3.850718427972778,2.351231483008011,2.5454545454545454,2021-11-10,,,190
,male,sub_adult,A. Farensis,,Climbing barnacle-covered surfaces.,"['Shrimp', 'Sea Star']",5.0,2.6136363636363638,2.1763755066652086,2.8207899238315304,2.6150178024987394,2.5454545454545454,2021-11-10,,,191
,female,sub_adult,A. Farensis,False,Social contact with other crabs.,"['Snail', 'Small Fish', 'Sea Sponge', 'Barnacle', 'Hermit Crab']",6.0,0.8713882401445475,1.0381635912086722,1.51034393781617,0.9171208884522509,2.272727272727273,2021-11-10,,,192
,male or female,sub_adult,U. olhanensis,,Using claws to dig into sediment.,"['Polychaete Worm', 'Small Fish', 'Jellyfish', 'Barnacle']",9.0,3.409090909090909,3.4525812262294604,4.696240688043132,3.638248891183736,2.4545454545454546,2021-11-10,,,193
,female,adult,Ucides alvorensis,False,Territorial display against intruder.,['Snail'],2.0,2.0086719339426327,1.7190938830881322,2.1018480809740794,2.0509363032563304,2.4545454545454546,2021-11-10,,,194
,male,adult,U. olhanensis,,Dragging shell fragment backward.,"['Hermit Crab', 'Jellyfish', 'Algae', 'Snail', 'Barnacle']",9.0,1.9090909090909092,1.727196955002813,2.2769460728199253,2.083386098548461,2.3636363636363638,2021-11-10,,,195
,male or female,sub_adult,u. olhanen.,,Moving in groups.,"['Small Fish', 'Crab (Other Species)', 'Algae', 'Mussel']",3.0,5.0,4.594147881788967,5.788099494410388,5.275143946480802,2.3636363636363638,2021-11-10,,,196
,female,pre_puberty,u. olhanen.,False,Territorial display against intruder.,"['Sea Anemone', 'Sea Star', 'Barnacle', 'Sea Urchin']",5.0,0.5105833845607172,0.7047828805397552,0.9846674621888524,0.548055824620037,2.3636363636363638,2021-11-10,,,197
,female,pre_puberty,u. olhanen.,False,Sitting still blending with environment.,"['Sea Urchin', 'Polychaete Worm']",4.0,1.589713787148777,1.2901398309255137,1.724674981672437,1.6996592299997078,2.3636363636363638,2021-11-10,,,198
,female,pre_puberty,u. olhanen.,True,Color changes during molting.,"['Coral Fragment', 'Barnacle', 'Sea Urchin', 'Sea Anemone']",11.0,1.2223979853692677,1.3477078297731704,1.9059086529684217,1.3408280519070486,2.4545454545454546,2021-11-10,,,199
,male,adult,u. olhanen.,True,Picking detritus from seabed.,"['Sea Star', 'Algae', 'Sea Urchin']",4.0,1.6363636363636365,1.6248938689561931,2.4224921556278463,1.644680041600624,2.4545454545454546,2021-11-10,,,200
,nan,adult,Ucides alvorensis,,Picking biofilm on submerged wood.,"['Snail', 'Small Fish', 'Sea Star', 'Sea Urchin']",4.0,6.409090909090909,5.980255883068501,7.761222906465074,6.835143378733107,2.4545454545454546,2021-11-10,,,201
,male,adult,A. Farensis,,Feeding on algae scraped from rocks.,['Algae'],9.0,2.4545454545454546,2.2640318845107945,3.293055524911749,2.496102252085738,2.5454545454545454,2021-11-10,,,202
,female,pre_puberty,u. olhanen.,False,Resting in shaded rock crevice.,"['Snail', 'Sea Urchin', 'Mussel', 'Sea Sponge']",8.0,1.9705753656085938,2.449996627918049,3.149523386930143,2.160527620687181,2.4545454545454546,2021-11-10,,,203
, ,sub_adult,Ucides alvorensis,,Social contact with other crabs.,"['Sea Sponge', 'Snail', 'Jellyfish', 'Polychaete Worm']",3.0,2.6136363636363638,2.584072775931441,3.7297211051249906,2.723904905947903,2.5454545454545454,2021-11-10,,,204
,female,adult,U. olhanensis,False,Feeding on small crustaceans.,['Sea Sponge'],8.0,4.450196304947375,5.0041010528881165,6.475594344363719,4.4996151945362275,2.3636363636363638,2021-11-10,,,205
,male,juvenile,u. olhanen.,,Rapid claw movement while feeding.,"['Sea Urchin', 'Mussel', 'Barnacle', 'Hermit Crab']",9.0,0.8181818181818182,1.0125819617785716,1.2822813531196031,0.8598796190713636,2.4545454545454546,2021-11-10,,,206
,female,sub_adult,U. olhanensis,False,Social contact with other crabs.,"['Algae', 'Shrimp', 'Polychaete Worm', 'Snail']",5.0,4.442106313494754,3.387357936290773,4.861324873588145,4.66812813526397,2.4545454545454546,2021-11-10,,,207
,male,pre_puberty,U. olhanensis,,Climbing algae-covered rocks.,"['Snail', 'Sea Anemone', 'Algae', 'Small Fish', 'Jellyfish']",5.0,0.4090909090909091,0.35996384547710114,0.4620057735982888,0.4147553262818578,2.272727272727273,2021-11-10,,,208
,female,adult,A farensis,False,Emerging cautiously from hiding.,"['Crab (Other Species)', 'Sea Star', 'Polychaete Worm', 'Snail', 'Sea Sponge']",8.0,3.162057655855622,3.520728755041347,4.456705946105643,3.334989840532327,2.272727272727273,2021-11-10,,,209
,male,adult,U. olhanensis,True,Inspecting discarded crab shell.,"['Snail', 'Coral Fragment', 'Crab (Other Species)', 'Sea Sponge']",6.0,7.7727272727272725,7.121618939488133,9.796984956782962,8.085334122195285,2.5454545454545454,2021-11-10,,,210
,female,adult,u. olhanen.,False,Searching for mates at twilight.,"['Sea Urchin', 'Sea Anemone', 'Coral Fragment', 'Sea Star']",5.0,2.0777295373745783,1.9889710507548768,2.766897015239432,2.182984260853281,2.4545454545454546,2021-11-10,,,211
,female,sub_adult,U. olhanensis,False,Exchanging antenna taps.,['Jellyfish'],6.0,3.7842194963487885,3.1486658728330257,4.722778543059703,3.9920466331384743,2.5454545454545454,2021-11-10,,,212
,male,adult,U. olhanensis,,Rapid crossing of open sand.,"['Jellyfish', 'Snail', 'Sea Sponge', 'Barnacle']",6.0,5.045454545454546,4.812493693738274,6.45990738593159,5.220319607352535,2.4545454545454546,2021-11-10,,,213
,female,pre_puberty,Ucides alvorensis,False,Slow movement near seagrass patches.,['Mussel'],6.0,1.7352651083192696,2.4688691952397144,3.097178191951562,1.7436993271176648,2.4545454545454546,2021-11-10,,,214
,female,pre_puberty,u. olhanen.,False,Picking biofilm on submerged wood.,"['Snail', 'Barnacle']",5.0,1.1437424309195559,1.431988082224012,1.88483076937807,1.186752086037738,2.5454545454545454,2021-11-10,,,215
,male,juvenile,u. olhanen.,,Guarding eggs under abdominal flap.,"['Sea Sponge', 'Hermit Crab']",6.0,2.0,1.4937439310478162,2.0587448502781616,2.049254654339945,2.5454545454545454,2021-11-10,,,216
,male,adult,A. Farensis,,Slow movement near seagrass patches.,"['Shrimp', 'Jellyfish', 'Algae', 'Snail', 'Sea Urchin']",3.0,4.909090909090909,4.677506424096213,6.964520394220392,4.9542415730583675,2.5454545454545454,2021-11-10,,,217
,female,sub_adult,U. olhanensis,False,Feeding on small mollusks.,"['Mussel', 'Hermit Crab', 'Shrimp', 'Polychaete Worm', 'Small Fish']",10.0,3.1569395883959106,3.243466486157289,4.367252775666846,3.3675027700120257,2.3636363636363638,2021-11-10,,,218
,male,pre_puberty,U. olhanensis,,Cleaning claws with rubbing motion.,"['Jellyfish', 'Shrimp', 'Sea Sponge', 'Small Fish']",6.0,2.590909090909091,2.5243281723045294,3.665554623809742,2.602371330556824,2.4545454545454546,2021-11-10,,,219
,male,adult,u. olhanen.,True,Hiding under floating debris.,"['Small Fish', 'Hermit Crab']",8.0,7.2272727272727275,7.585256830092754,11.000087040667449,7.718783303551862,2.4545454545454546,2021-11-10,,,220
,nan,juvenile,Ucides alvorensis,,Defensive posture when approached.,"['Coral Fragment', 'Sea Anemone']",6.0,1.7727272727272727,2.07335914367783,3.017086181163378,1.9151962775630431,2.5454545454545454,2021-11-10,,,221
,female,juvenile,A farensis,False,Rapid crossing of open sand.,"['Crab (Other Species)', 'Barnacle', 'Coral Fragment']",8.0,0.4937163818753698,0.7830230001165986,1.0858162482813964,0.536911960012508,2.3636363636363638,2021-11-10,,,222
, ,sub_adult,U. olhanensis,,Hiding under seagrass blades.,"['Sea Sponge', 'Coral Fragment']",8.0,6.363636363636363,5.186789231780011,6.899979685133117,6.574810124522734,2.3636363636363638,2021-11-10,,,223
,female,sub_adult,Ucides alvorensis,False,Claw snapping at diver.,"['Barnacle', 'Shrimp', 'Sea Urchin', 'Small Fish', 'Sea Star']",4.0,1.8909868115119677,1.8962332715760402,2.7189578121740037,2.0494747425984654,2.4545454545454546,2021-11-10,,,224
,male,adult,A. Farensis,,Crab moving quickly across rocks.,"['Coral Fragment', 'Hermit Crab', 'Sea Urchin']",4.0,3.272727272727273,3.48881385676879,5.103107688015617,3.576292985010535,2.5454545454545454,2021-11-10,,,225
